kurum,kod,ad,ana_grup,kapsam,carpisan_konu_sayisi,toplam_konu,carpisma_orani,guvenlik,carpisan_konular
belediye,903.02,Atama İşleri,903,ortak,1,438,0.23,yuksek,807.01::Boya Badana İşleri Hk.
belediye,180,İtfaiye İşleri,180,kuruma_ozel,2,438,0.46,yuksek,805::Belge Yönetimi Eğitimi Hk.|807.01::Boya Badana İşleri Hk.
belediye,010.06,Genelgeler,010,ortak,3,438,0.68,yuksek,602.04::Stratejik Plan Taslağı Hakkında Görüş|756.01::Tahsisin Kaldırılması Talebi|858::Cezanın Kaldırılması Talebi
belediye,807.01,Bina ve Tesisler,807,ortak,3,438,0.68,yuksek,010::Mevzuat Bilgi Sistemi Güncellemesi|805::Elektronik Belge Yönetim Sistemi Hk.|115.02.10::Adres Kayıt Sistemi Güncellemesi
belediye,841.01,Bütçe Çalışmaları,841,ortak,4,438,0.91,yuksek,602.07::Ödenek Aktarma Talebi|934::Ödenek Durumu Sorgusu|190::Gelir Tahakkuk İşlemleri|190::Gelir Kaybı Bildirimi
belediye,622,Talep ve Şikayetler,622,ortak,5,438,1.14,yuksek,805::Saklama Süresi Hakkında Görüş|815::Yardım Başvurusunun Değerlendirilmesi|115.02.11::Aykırılığın Giderilmesi Süresi|175::Damga Süresi Dolan Aletler|190.01::Beyan Süresi Duyurusu
belediye,155,Çevre Koruma ve Kontrol İşleri,155,kuruma_ozel,5,438,1.14,yuksek,807.01::Boya Badana İşleri Hk.|115.02::Yapı Denetim İşlemleri|115.02::Yapı Denetim Hakediş Onayı|115.02.08::İskan Öncesi Kontrol Randevusu|170::Ruhsat Denetimi
belediye,752,Kamulaştırma ve İrtifak Hakkı İşleri,752,ortak,6,438,1.37,orta,755.02::İhale Komisyonu Kararı|805.02::Ayıklama ve İmha Komisyonu Kurulması|807.01::Boya Badana İşleri Hk.|115.01.08::İrtifak Hakkı Tesisi Talebi|115.02::Seviye Tespit Tutanağı|190.01.07::Rayiç Bedel Tespiti Hk.
belediye,045,Görüşler,045,ortak,7,438,1.6,orta,010::Uygulama Birliğinin Sağlanması|602.04::Altı Aylık Değerlendirme Raporu|773::Staj Değerlendirme Formunun Gönderilmesi|755.01::Uygulama Projesi Revizyonu|841::Bütçe Uygulama Talimatı|115.01.06::Uygulama İmar Planı Değişikliği Talebi|115.01.06::Uygulama İmar Planı Onayı Hk.
belediye,045.02,Hukuki,045,ortak,7,438,1.6,orta,010::Mevzuat Değişikliği Bildirimi|010::Mevzuat Hükmünün Yorumlanması|010::Mevzuat Bilgi Sistemi Güncellemesi|602.04::Altı Aylık Değerlendirme Raporu|755::Sözleşme Feshi Hk.|773::Staj Değerlendirme Formunun Gönderilmesi|180.03::Yangın Merdiveni Uygunluğu
belediye,602,Plan ve Program İşleri,602,ortak,7,438,1.6,orta,051::Koordinasyon Toplantısı Daveti|805.02::Yıllık Arşiv Faaliyet Bildirimi|807::Yıllık Bakım Onarım Programı|807.01::Boya Badana İşleri Hk.|110::Encümen Toplantısı Hk.|120::Kurs ve Etkinlik Programı|170.01::İşyeri Açma ve Çalışma Ruhsatı Başvurusu
belediye,755.01,Etüd-Proje ve Fizibilite,755,ortak,7,438,1.6,orta,010::Uygulama Birliğinin Sağlanması|045::Uygulama Tereddüdü Hk.|602.07::Proje Gerçekleşme Oranı Bildirimi|602.07::Yeni Proje Teklifi|841::Bütçe Uygulama Talimatı|115.01.06::Uygulama İmar Planı Değişikliği Talebi|115.01.06::Uygulama İmar Planı Onayı Hk.
belediye,120.02,Engellilere Yönelik Hizmetler,120,kuruma_ozel,7,438,1.6,orta,801::Hizmet Aracı Tahsis Talebi|802::Servis Hizmeti Aksaklığı Bildirimi|802::Servis Aracı Görevlendirmesi|807::Bakım Onarım Talebi|807::Yıllık Bakım Onarım Programı|807::Bakım Sözleşmesi Yenilenmesi|125::Nikâh Salonu Tahsisi
belediye,190,"Gelir (Tarh, Tahakkuk ve Tahsilat) İşleri",190,kuruma_ozel,7,438,1.6,orta,805::Standart Dosya Planı Uygulaması|807.01::Boya Badana İşleri Hk.|841.01::Gelir Gider Tahmin Cetveli|855::Tahsilat Makbuzu Talebi|115::İmar Mevzuatı Uygulaması|115::İmar Uygulaması Askı İlanı|115.01::İmar Uygulaması Sonucu
belediye,050.04,Kararlar,050,ortak,8,438,1.83,orta,756::Kayıt Düzeltme Talebi|807::Onarım Keşif Özeti|855::Ödeme Emri Tebliği|858::Tutanağın Tebliği Hk.|105.04::Kararın Büyükşehir Belediyesine Gönderilmesi|105.04::Kararın Kesinleşmesi Hk.|110.04::Encümen Kararının Tebliği|190.01.07::Vergi Değeri Düzeltme Talebi
belediye,773,Staj İşleri,773,ortak,8,438,1.83,orta,045::Konu Hakkında Değerlendirme Talebi|045.02::İhtilaflı Hususta Değerlendirme Talebi|602.04::Altı Aylık Değerlendirme Raporu|755::Geçici Kabul İşlemleri|801::Taşıt Kayıt ve Sigorta İşlemleri|807.01::Boya Badana İşleri Hk.|934.01::Muayene ve Kabul İşlemleri|155.01::Konteyner Yerinin Değiştirilmesi
belediye,815,Sosyal Yardım İşleri,815,ortak,8,438,1.83,orta,622::Şikâyet Başvurusunun Değerlendirilmesi|622.01::CİMER Başvurusunun Değerlendirilmesi|805.02.05::Arşivde İnceleme Randevusu|807.01::Boya Badana İşleri Hk.|115::Teknik İnceleme Talebi|120::Sosyal Destek Çalışmaları Hk.|120::Sosyal Tesis Kullanımı|180.03::Yerinde İnceleme Randevusu
belediye,841,Bütçe Hazırlama ve Uygulama İşleri,841,ortak,8,438,1.83,orta,010::Uygulama Birliğinin Sağlanması|045::Uygulama Tereddüdü Hk.|602.07::Ödenek Aktarma Talebi|755.01::Uygulama Projesi Revizyonu|807.01::Boya Badana İşleri Hk.|934::Ödenek Durumu Sorgusu|115.01.06::Uygulama İmar Planı Değişikliği Talebi|115.01.06::Uygulama İmar Planı Onayı Hk.
belediye,105.04,Meclis Kararları,105,kuruma_ozel,8,438,1.83,orta,050.04::Kararın Uygulanması Hk.|050.04::Kararın İlgililere Tebliği|752.01::Kamulaştırma İşlemine İtiraz|755.02::İhaleye İtiraz Başvurusu|858::İdari Para Cezasına İtiraz|110.04::Karara İtiraz Başvurusu|115.02.11::Encümen Cezasına İtiraz|190.01::Tarh İşlemine İtiraz
belediye,190.01.07,Emlak Vergisi,190,kuruma_ozel,8,438,1.83,orta,050.04::Karar Düzeltme Talebi|752::Bedel Tespit Komisyonu Kararı|752.01::Kamulaştırma Bedeli Ödeme Talebi|752.01::Bedel Tespit ve Tescil Davası Hk.|756::Kayıt Düzeltme Talebi|855::Ödeme Emri Tebliği|115.02.10::Adres Tespiti Hk.|115.02.10::Yanlış Adres Kaydının Düzeltilmesi
belediye,756,Taşınmaz İşleri,756,ortak,9,438,2.05,orta,050.04::Karar Düzeltme Talebi|051::Etkinlik Salonu Tahsis Talebi|801::Hizmet Aracı Tahsis Talebi|801::Taşıt Kayıt ve Sigorta İşlemleri|807.01::Boya Badana İşleri Hk.|115::İmar Arşivi Kayıt Sorgusu|115.02.10::Adres Kayıt Sistemi Güncellemesi|120::Kurs Kayıt Duyurusu|190.01.07::Vergi Değeri Düzeltme Talebi
belediye,802,Ulaşım ve Servis İşleri,802,ortak,9,438,2.05,orta,641::Vekâletname Düzenlenmesi|801::Hizmet Aracı Tahsis Talebi|801::Araç Görevlendirmesi|807::Bakım Sözleşmesi Yenilenmesi|807.01::Boya Badana İşleri Hk.|934.01::Alım Miktarının Artırılması|120.02::Engelli Aracı Talebi|120.02::Evde Bakım Hizmeti Başvurusu|155.01::Ambalaj Atığı Toplama Sözleşmesi
belediye,855,Borç ve Alacak İşleri,855,ortak,9,438,2.05,orta,050.04::Kararın İlgililere Tebliği|752.01::Kamulaştırma Bedeli Ödeme Talebi|756.02::Satış Bedelinin Taksitlendirilmesi Talebi|807.01::Boya Badana İşleri Hk.|858::Tutanağın Tebliği Hk.|110.04::Encümen Kararının Tebliği|190::Tahsilat Bilgisi Talebi|190::Tahsilat Cetvelinin Gönderilmesi|190.01.07::Taksit Ödeme Bilgisi
belediye,115.01.06,Uygulama İmar Planı,115,kuruma_ozel,9,438,2.05,orta,010::Uygulama Birliğinin Sağlanması|045::Uygulama Tereddüdü Hk.|755::Keşif Artışı Onayı|756.02::Kira Bedeli Artışı Hk.|805::Standart Dosya Planı Uygulaması|805::Dosya Planı Güncellemesi|755.01::Uygulama Projesi Revizyonu|841::Bütçe Uygulama Talimatı|115.02.04::Yapı Ruhsatı Tadilatı Hk.
belediye,805.02,Arşiv Yönetimi,805,ortak,10,438,2.28,orta,602::Yıllık Çalışma Programı|752::Bedel Tespit Komisyonu Kararı|755::Yapım İşi Devir Talebi|755.02::İhale Komisyonu Kararı|756.01::Taşınmaz Devir İşlemi Hk.|756.01::Bedelsiz Devir Talebi|807::Yıllık Bakım Onarım Programı|934.01::Kırtasiye Malzemesi Alımı|170.01::Ruhsat Devir Talebi|170.01::Faaliyet Konusu Değişikliği
belediye,602.07,Yatırım Programı,602,ortak,10,438,2.28,orta,602.04::Stratejik Plan İzleme Raporu|755.01::Etüt Proje Hazırlanması Talebi|755.01::Proje Müellifi Değişikliği|755.01::Mimari Proje Görüşü|807::Yıllık Bakım Onarım Programı|841::Ödenek Aktarma Talebi|841::Ek Ödenek Talebi|841.01::Ödenek Talebi|934::Ödenek Durumu Sorgusu|120::Kurs ve Etkinlik Programı
belediye,756.01,"Tahsis, Devir ve Takas",756,ortak,10,438,2.28,orta,010.06::Genelgenin Yürürlükten Kaldırılması|051::Etkinlik Salonu Tahsis Talebi|755::Yapım İşi Devir Talebi|756.02::Taşınmaz Kiralama Talebi|756.02::Taşınmaz Satış İhalesi Hk.|805::Devir Teslim Tutanağı|805.02::Arşiv Devir Teslim İşlemleri|801::Hizmet Aracı Tahsis Talebi|858::Cezanın Kaldırılması Talebi|170.01::Ruhsat Devir Talebi
belediye,115.01,Planlama ve Uygulama,115,kuruma_ozel,10,438,2.28,orta,010::Uygulama Birliğinin Sağlanması|010::Mevzuat Hükmünün Yorumlanması|045::Uygulama Tereddüdü Hk.|602::Planlama Çalışmalarına Katkı Talebi|755.02::İhale İlanı Hk.|805::Standart Dosya Planı Uygulaması|805::Dosya Planı Güncellemesi|755.01::Uygulama Projesi Revizyonu|841::Bütçe Uygulama Talimatı|190::Vergi ve Harç Uygulaması Hk.
belediye,115.01.08,İfraz ve Tevhid / Yola Terk / İrtifak Hakkı vb.,115,kuruma_ozel,10,438,2.28,orta,622.02::Talep Edilen Belgenin Gönderilmesi|641::Dava Dosyasının Gönderilmesi|752::İrtifak Hakkı Tesisi Talebi|903::Özlük Dosyası Bilgi Talebi|903::Disiplin Dosyası Bilgisi|110::Encümene Havale Edilen Dosya|110::Dosyanın Encümene Sevki|115.02::Ruhsat Dosyası Bilgi Talebi|125::Evlenme Dosyasının İncelenmesi|170::Ruhsat Dosyası Bilgi Talebi
belediye,155.01,Atık Yönetimi,155,kuruma_ozel,10,438,2.28,orta,773::Staj Yerinin Değiştirilmesi|805::Belge Yönetimi Eğitimi Hk.|805.02.05::Arşiv Belgesi Araştırma Talebi|802::Servis Sözleşmesi Hk.|807::Bakım Sözleşmesi Yenilenmesi|903::Hizmet Belgesi Talebi|115.02.01::İmar Durum Belgesi Talebi|115.02.08::Yapı Kullanma İzin Belgesi Talebi|115.02.10::Numarataj Belgesi Talebi|125::Evlenme Ehliyet Belgesi Talebi
belediye,180.03,İtfaiye Uygunluk Raporları,180,kuruma_ozel,10,438,2.28,orta,045.02::Uygulamanın Hukuka Uygunluğu Hk.|805.02.05::Arşivde İnceleme Randevusu|801::Araç Muayene Randevusu|815::Sosyal İnceleme Raporu Talebi|115::Teknik İnceleme Talebi|115.02.04::Ruhsat Yenileme Talebi|115.02.08::İskan Öncesi Kontrol Randevusu|115.02.08::Eksikliklerin Giderilmesi Hk.|115.02.11::Aykırılığın Giderilmesi Süresi|175::Muayene Randevusu Hk.
belediye,602.04,Stratejik Plan,602,ortak,11,438,2.51,orta,010::Yönetmelik Taslağı Hakkında Görüş|010.06::Genelge Taslağı Hakkında Görüş|045::Konu Hakkında Değerlendirme Talebi|045.02::İhtilaflı Hususta Değerlendirme Talebi|050::Kurul Toplantı Daveti|051::Panel Konuşmacı Daveti|051::Koordinasyon Toplantısı Daveti|752.01::Uzlaşma Görüşmesi Daveti|773::Staj Değerlendirme Formunun Gönderilmesi|602.07::Yatırım İzleme Raporu|105::Meclis Toplantı Daveti
belediye,622.01,"Bilgi Edinme, Talep ve Şikayetler",622,ortak,11,438,2.51,orta,010::Mevzuat Bilgi Sistemi Güncellemesi|641::Savunmaya Esas Bilgi ve Belge Talebi|641.04::Dava Konusu İşleme İlişkin Bilgi|805.02.05::Araştırma Talebinin Reddi Hk.|815::Yardım Başvurusunun Değerlendirilmesi|903::Özlük Dosyası Bilgi Talebi|903::Personel Bilgi Formunun Gönderilmesi|115::İmar Dosyası Bilgi Talebi|115.02::Ruhsat Dosyası Bilgi Talebi|115.02.01::İmar Durumu Bilgi Talebi|170::Ruhsat Dosyası Bilgi Talebi
belediye,622.02,Belge Talepleri,622,ortak,11,438,2.51,orta,641::Savunmaya Esas Bilgi ve Belge Talebi|641.04::Savunmaya Esas Belge Talebi|805::Belge Yönetimi Eğitimi Hk.|805::Elektronik Belge Yönetim Sistemi Hk.|805.02.05::Arşivden Suret Talebi|805.02.05::Belgenin Dijital Kopyasının Gönderilmesi|110::Encümene Havale Edilen Dosya|115.01.08::Encümene Sevk Edilen İfraz Dosyası|125::Yabancı Uyruklu Eş İçin Belge Talebi|125::Nikâh Ücreti Hk.|175::Muayene Ücreti Hk.
belediye,755.02,İhale,755,ortak,11,438,2.51,orta,752::Bedel Tespit Komisyonu Kararı|752.01::Kamulaştırma İşlemine İtiraz|805.02::Ayıklama ve İmha Komisyonu Kurulması|858::İdari Para Cezasına İtiraz|934.01::Mal Alımı İhale Onayı|105.04::Karar Aleyhine İtiraz|110.04::Karara İtiraz Başvurusu|115::İmar Uygulaması Askı İlanı|115.01::İmar Planı Askı İlanı|115.02.11::Encümen Cezasına İtiraz|190.01::Tarh İşlemine İtiraz
belediye,756.02,Satış ve Kiralama,756,ortak,11,438,2.51,orta,752.01::Kamulaştırma Bedeli Ödeme Talebi|755::Keşif Artışı Onayı|756.01::Taşınmaz Devir İşlemi Hk.|801::İş Makinesi Kiralama Talebi|807::Bakım Sözleşmesi Yenilenmesi|855::Borcun Taksitlendirilmesi|934::Alım İhalesi Hk.|115.01.06::Yoğunluk Artışı Talebi|115.02.01::İmar Durumunun Yenilenmesi|190.01::Vergi Tahakkuku Hk.|190.01::Harç Bedeli Bilgisi Talebi
belediye,934,Alım İşi,934,ortak,11,438,2.51,orta,756.02::Taşınmaz Satış İhalesi Hk.|602.07::Ödenek Aktarma Talebi|801::Hizmet Aracı Tahsis Talebi|841::Ödenek Aktarma Talebi|841::Ek Ödenek Talebi|841.01::Ödenek Talebi|903::Hizmet Belgesi Talebi|115::İmar Arşivi Kayıt Sorgusu|115::Teknik İnceleme Talebi|115.02.01::Emsal ve Kat Adedi Sorgusu|115.02.10::Bina Kod Numarası Sorgusu
belediye,110.04,Encümen Kararları,110,kuruma_ozel,11,438,2.51,orta,050.04::Kararın İlgililere Tebliği|752.01::Kamulaştırma İşlemine İtiraz|755.02::İhaleye İtiraz Başvurusu|855::Ödeme Emri Tebliği|858::İdari Para Cezasına İtiraz|858::Para Cezası Tahsilatı Hk.|858::Tutanağın Tebliği Hk.|105.04::Karar Aleyhine İtiraz|115.02.11::Yıkım Kararının Uygulanması|115.02.11::Encümen Cezasına İtiraz|190.01::Tarh İşlemine İtiraz
belediye,175,Ölçü ve Ölçü Aletleri ile İlgili İşler,175,kuruma_ozel,11,438,2.51,orta,622::Süresi İçinde Cevaplanmayan Başvuru Hk.|622.02::Suret Onay Ücreti Hk.|805::Saklama Süresi Hakkında Görüş|805.02.05::Arşivde İnceleme Randevusu|801::Araç Muayene Randevusu|934.01::Muayene ve Kabul İşlemleri|115.02.08::İskan Öncesi Kontrol Randevusu|115.02.11::Aykırılığın Giderilmesi Süresi|125::Nikâh Ücreti Hk.|180.03::Yerinde İnceleme Randevusu|190.01::Beyan Süresi Duyurusu
belediye,050,Kurul İşleri,050,ortak,12,438,2.74,orta,051::Toplantı Tarihi Değişikliği|051::Panel Konuşmacı Daveti|051::Koordinasyon Toplantısı Daveti|602.04::Stratejik Plan Çalıştayı Daveti|752.01::Uzlaşma Görüşmesi Daveti|807.01::Boya Badana İşleri Hk.|105::Meclis Toplantı Daveti|105::Meclis Üyeliği Hk.|105::Meclis Toplantı Tutanağı|110::Encümen Gündemi|110::Encümen Üyeliği Bildirimi|110::Encümen Toplantı Tutanağı
belediye,807,Bakım ve Onarım İşleri,807,ortak,12,438,2.74,orta,050.04::Alınan Kararların Özeti|602::Yıllık Çalışma Programı|755::Keşif Artışı Onayı|756.02::Kira Sözleşmesinin Yenilenmesi|805.02::Yıllık Arşiv Faaliyet Bildirimi|602.07::Yatırım Programı Teklifi|602.07::Yatırım Programı Revizyon Talebi|802::Servis Sözleşmesi Hk.|115.02.01::İmar Durumunun Yenilenmesi|120::Kurs ve Etkinlik Programı|120.02::Evde Bakım Hizmeti Başvurusu|155.01::Ambalaj Atığı Toplama Sözleşmesi
belediye,755,Yapım İşleri,755,ortak,13,438,2.97,dusuk,045.02::Sözleşme Metni Hakkında Görüş|051::Etkinlik Programının Gönderilmesi|756.02::Kira Bedeli Artışı Hk.|773::Staj Kabul Yazısı Talebi|805::Devir Teslim Tutanağı|805.02::Arşiv Devir Teslim İşlemleri|756.01::Taşınmaz Devir İşlemi Hk.|756.01::Bedelsiz Devir Talebi|807::Onarım Keşif Özeti|807.01::Boya Badana İşleri Hk.|934.01::Muayene ve Kabul İşlemleri|115.01.06::Yoğunluk Artışı Talebi|170.01::Ruhsat Devir Talebi
belediye,934.01,Mal Alım İşi,934,ortak,13,438,2.97,dusuk,755::Geçici Kabul İşlemleri|755.02::İhale İlanı Hk.|755.02::İhale Komisyonu Kararı|755.02::İhale Sonucunun Bildirilmesi|755.02::İhale Dokümanı Talebi|773::Staj Kabul Yazısı Talebi|805.02::Arşiv Malzemesi Bildirimi|801::Araç Muayene Randevusu|802::Servis Kapasitesinin Artırılması|115::Teknik İnceleme Talebi|175::Periyodik Muayene Talebi|175::Muayene Randevusu Hk.|175::Muayene Ücreti Hk.
belediye,115.02.04,Yapı Ruhsatı,115,kuruma_ozel,13,438,2.97,dusuk,115.01.06::Plan Tadilatı Başvurusu|115.02.08::İskan Ruhsatı Başvurusu|115.02.08::İskan Harcı Hesabı|170::İşyeri Ruhsat İşlemleri Hk.|170::Ruhsat Denetimi|170::Ruhsat Dosyası Bilgi Talebi|170::Ruhsat İptali İşlemi|170.01::İşyeri Açma ve Çalışma Ruhsatı Başvurusu|170.01::Ruhsat Devir Talebi|170.01::Hafta Tatili Ruhsatı Talebi|170.01::Ruhsat Sureti Talebi|180.03::Uygunluk Raporu Yenileme Talebi|190.01::Harç İadesi Talebi
belediye,120,Kültürel ve Sosyal İşler,120,kuruma_ozel,13,438,2.97,dusuk,051::Etkinlik Salonu Tahsis Talebi|051::Etkinlik Programının Gönderilmesi|602::Yıllık Çalışma Programı|756::Kayıt Düzeltme Talebi|602.07::Yatırım Programı Teklifi|602.07::Yatırım Programı Revizyon Talebi|801::Taşıt Kayıt ve Sigorta İşlemleri|807::Yıllık Bakım Onarım Programı|815::Sosyal Yardım Başvurusu|815::Sosyal İnceleme Raporu Talebi|115::İmar Arşivi Kayıt Sorgusu|115.02.10::Adres Kayıt Sistemi Güncellemesi|125::Nikâh Salonu Tahsisi
belediye,190.01,Vergi ve Harçlar,190,kuruma_ozel,14,438,3.2,dusuk,622::Süresi İçinde Cevaplanmayan Başvuru Hk.|752.01::Kamulaştırma Bedeli Ödeme Talebi|752.01::Kamulaştırma İşlemine İtiraz|755.02::İhaleye İtiraz Başvurusu|756.02::Kira Bedeli Artışı Hk.|756.02::İşgal Bedeli Tahakkuku|805::Saklama Süresi Hakkında Görüş|858::İdari Para Cezasına İtiraz|105.04::Karar Aleyhine İtiraz|110.04::Karara İtiraz Başvurusu|115.02.04::Ruhsat Harcı İadesi Talebi|115.02.11::Aykırılığın Giderilmesi Süresi|115.02.11::Encümen Cezasına İtiraz|175::Damga Süresi Dolan Aletler
belediye,170.01,Ruhsat,170,kuruma_ozel,16,438,3.65,dusuk,602::Yıllık Çalışma Programı|641.04::Dava Konusu İşleme İlişkin Bilgi|755::Yapım İşi Devir Talebi|805::Devir Teslim Tutanağı|805.02::Arşiv Devir Teslim İşlemleri|805.02::Yıllık Arşiv Faaliyet Bildirimi|756.01::Taşınmaz Devir İşlemi Hk.|756.01::Bedelsiz Devir Talebi|115.02::Ruhsat Dosyası Bilgi Talebi|115.02.04::Yapı Ruhsatı Başvurusu|115.02.04::Ruhsat Yenileme Talebi|115.02.04::Yapı Ruhsatı Tadilatı Hk.|115.02.04::Ruhsat Eki Projelerin Onayı|115.02.04::Ruhsat Süresinin Uzatılması|115.02.04::Ruhsat Harcı İadesi Talebi|115.02.08::İskan Ruhsatı Başvurusu
belediye,805.02.05,Arşivlerden Yararlanma,805,ortak,17,438,3.88,dusuk,622.01::Bilgi Edinme Talebinin Reddi Hk.|622.02::Talep Edilen Belgenin Gönderilmesi|622.02::Suret Onay Ücreti Hk.|622.02::Arşivden Belge Çıkarılması Talebi|801::Araç Muayene Randevusu|815::Sosyal İnceleme Raporu Talebi|903::Hizmet Belgesi Talebi|115::Teknik İnceleme Talebi|115.02.01::İmar Durum Belgesi Talebi|115.02.08::Yapı Kullanma İzin Belgesi Talebi|115.02.08::İskan Öncesi Kontrol Randevusu|115.02.10::Numarataj Belgesi Talebi|120.02::Engelli Hizmetlerinden Yararlanma Başvurusu|125::Evlenme Ehliyet Belgesi Talebi|155.01::Sıfır Atık Belgesi Talebi|175::Muayene Randevusu Hk.|180.03::Yerinde İnceleme Randevusu
belediye,105,Meclis İşleri,105,kuruma_ozel,17,438,3.88,dusuk,050::Kurul Toplantı Gündemi|050::Kurul Üyeliği Bildirimi|050::Kurul Toplantı Daveti|050::Toplantı Tutanağının Gönderilmesi|050::Olağanüstü Toplantı Çağrısı|051::Toplantı Tarihi Değişikliği|051::Panel Konuşmacı Daveti|051::Koordinasyon Toplantısı Daveti|602.04::Stratejik Plan Çalıştayı Daveti|752.01::Uzlaşma Görüşmesi Daveti|805::Devir Teslim Tutanağı|807.01::Boya Badana İşleri Hk.|858::İdari Yaptırım Karar Tutanağı|110::Encümen Üyeliği Bildirimi|110::Encümen Toplantı Tutanağı|115.02::Seviye Tespit Tutanağı|115.02.11::Yapı Tatil Tutanağı Hk.
belediye,115.02.08,Yapı Kullanma İzni (İskan Ruhsatı),115,kuruma_ozel,17,438,3.88,dusuk,805.02.05::Arşiv Belgesi Araştırma Talebi|805.02.05::Arşivde İnceleme Randevusu|801::Araç Muayene Randevusu|903::Hizmet Belgesi Talebi|115.02.01::İmar Durum Belgesi Talebi|115.02.04::Yapı Ruhsatı Başvurusu|115.02.04::Yapı Ruhsatı Tadilatı Hk.|115.02.04::Ruhsat Harcı İadesi Talebi|115.02.10::Numarataj Belgesi Talebi|115.02.11::Aykırılığın Giderilmesi Süresi|125::Evlenme Ehliyet Belgesi Talebi|155.01::Sıfır Atık Belgesi Talebi|170.01::İşyeri Açma ve Çalışma Ruhsatı Başvurusu|170.01::Hafta Tatili Ruhsatı Talebi|175::Muayene Randevusu Hk.|180.03::Yerinde İnceleme Randevusu|180.03::Eksikliklerin Giderilmesi Hk.
belediye,641.04,İdari Davalar,641,ortak,18,438,4.11,dusuk,010::Mevzuat Bilgi Sistemi Güncellemesi|622.01::Bilgi Edinme Başvurusu|622.01::Bilgi Edinme Talebinin Reddi Hk.|622.02::Belge Sureti Talebi|622.02::Belge Talebinin Karşılanamaması Hk.|622.02::Arşivden Belge Çıkarılması Talebi|805::Belge Yönetimi Eğitimi Hk.|805::Elektronik Belge Yönetim Sistemi Hk.|858::İdari Para Cezasına İtiraz|858::İdari Yaptırım Karar Tutanağı|903::Özlük Dosyası Bilgi Talebi|903::Personel Bilgi Formunun Gönderilmesi|115::İmar Dosyası Bilgi Talebi|115.02::Ruhsat Dosyası Bilgi Talebi|115.02.01::İmar Durumu Bilgi Talebi|125::Yabancı Uyruklu Eş İçin Belge Talebi|170::Ruhsat Dosyası Bilgi Talebi|170.01::Faaliyet Konusu Değişikliği
belediye,752.01,Kamulaştırma,752,ortak,18,438,4.11,dusuk,050::Kurul Toplantı Daveti|051::Panel Konuşmacı Daveti|051::Koordinasyon Toplantısı Daveti|602.04::Stratejik Plan Çalıştayı Daveti|755.02::İhaleye İtiraz Başvurusu|756.02::Kira Bedeli Artışı Hk.|756.02::İşgal Bedeli Tahakkuku|855::Ödeme Emri Tebliği|858::İdari Para Cezasına İtiraz|105::Meclis Toplantı Daveti|105.04::Karar Aleyhine İtiraz|110.04::Karara İtiraz Başvurusu|115.02::Seviye Tespit Tutanağı|115.02.11::Encümen Cezasına İtiraz|190.01::Harç Bedeli Bilgisi Talebi|190.01::Tarh İşlemine İtiraz|190.01.07::Rayiç Bedel Tespiti Hk.|190.01.07::Taksit Ödeme Bilgisi
belediye,858,İdari Yaptırım/Para Cezası İşleri,858,ortak,18,438,4.11,dusuk,010.06::Genelgenin Yürürlükten Kaldırılması|050.04::Kararın İlgililere Tebliği|752.01::Kamulaştırma İşlemine İtiraz|755.02::İhaleye İtiraz Başvurusu|805::Devir Teslim Tutanağı|756.01::Tahsisin Kaldırılması Talebi|807.01::Boya Badana İşleri Hk.|855::Ödeme Emri Tebliği|105::Meclis Toplantı Tutanağı|105.04::Karar Aleyhine İtiraz|110::Encümen Toplantı Tutanağı|110.04::Encümen Kararının Tebliği|110.04::Para Cezası Kararı Hk.|110.04::Karara İtiraz Başvurusu|115.02::Seviye Tespit Tutanağı|115.02.11::Yapı Tatil Tutanağı Hk.|115.02.11::Encümen Cezasına İtiraz|190.01::Tarh İşlemine İtiraz
belediye,115.02.10,Adres ve Numaralandırma,115,kuruma_ozel,18,438,4.11,dusuk,010::Mevzuat Bilgi Sistemi Güncellemesi|756::Kayıt Düzeltme Talebi|805::Dosya Planı Güncellemesi|805::Elektronik Belge Yönetim Sistemi Hk.|805.02.05::Arşiv Belgesi Araştırma Talebi|801::Taşıt Kayıt ve Sigorta İşlemleri|807.01::Isıtma Sistemi Bakımı|903::Hizmet Belgesi Talebi|934::Ödenek Durumu Sorgusu|115.02.01::İmar Durum Belgesi Talebi|115.02.01::Emsal ve Kat Adedi Sorgusu|115.02.01::İmar Durumundaki Hatanın Düzeltilmesi|115.02.08::Yapı Kullanma İzin Belgesi Talebi|120::Kurs Kayıt Duyurusu|125::Evlenme Ehliyet Belgesi Talebi|155.01::Sıfır Atık Belgesi Talebi|190.01.07::Rayiç Bedel Tespiti Hk.|190.01.07::Mükellefiyet Kaydının Kapatılması
belediye,641,Dava İşleri,641,ortak,19,438,4.34,dusuk,010::Mevzuat Bilgi Sistemi Güncellemesi|622.01::Bilgi Edinme Başvurusu|622.01::Bilgi Edinme Talebinin Reddi Hk.|622.02::Belge Sureti Talebi|622.02::Belge Talebinin Karşılanamaması Hk.|622.02::Arşivden Belge Çıkarılması Talebi|805::Belge Yönetimi Eğitimi Hk.|805::Elektronik Belge Yönetim Sistemi Hk.|802::Servis Saatlerinin Düzenlenmesi|807.01::Boya Badana İşleri Hk.|903::Özlük Dosyası Bilgi Talebi|903::Personel Bilgi Formunun Gönderilmesi|115::İmar Dosyası Bilgi Talebi|115.01.08::Tevhit Dosyasının İncelenmesi|115.02::Ruhsat Dosyası Bilgi Talebi|115.02.01::İmar Durumu Bilgi Talebi|125::Evlenme Dosyasının İncelenmesi|125::Yabancı Uyruklu Eş İçin Belge Talebi|170::Ruhsat Dosyası Bilgi Talebi
belediye,903,Personel Özlük İşleri,903,ortak,19,438,4.34,dusuk,010::Mevzuat Bilgi Sistemi Güncellemesi|622.01::Bilgi Edinme Başvurusu|622.01::Bilgi Edinme Talebinin Reddi Hk.|641::Savunmaya Esas Bilgi ve Belge Talebi|641.04::Dava Konusu İşleme İlişkin Bilgi|805.02.05::Arşiv Belgesi Araştırma Talebi|801::Hizmet Aracı Tahsis Talebi|807.01::Boya Badana İşleri Hk.|934::Mal ve Hizmet Alımı Talebi|115::İmar Dosyası Bilgi Talebi|115.01.08::Encümene Sevk Edilen İfraz Dosyası|115.02::Ruhsat Dosyası Bilgi Talebi|115.02.01::İmar Durum Belgesi Talebi|115.02.01::İmar Durumu Bilgi Talebi|115.02.08::Yapı Kullanma İzin Belgesi Talebi|115.02.10::Numarataj Belgesi Talebi|125::Evlenme Ehliyet Belgesi Talebi|155.01::Sıfır Atık Belgesi Talebi|170::Ruhsat Dosyası Bilgi Talebi
belediye,115.02.01,İmar Durumu (Belgesi),115,kuruma_ozel,19,438,4.34,dusuk,010::Mevzuat Bilgi Sistemi Güncellemesi|622.01::Bilgi Edinme Başvurusu|622.01::Bilgi Edinme Talebinin Reddi Hk.|641::Savunmaya Esas Bilgi ve Belge Talebi|641.04::Dava Konusu İşleme İlişkin Bilgi|756.02::Kira Sözleşmesinin Yenilenmesi|805.02.05::Arşiv Belgesi Araştırma Talebi|807::Bakım Sözleşmesi Yenilenmesi|903::Özlük Dosyası Bilgi Talebi|903::Personel Bilgi Formunun Gönderilmesi|903::Hizmet Belgesi Talebi|934::Ödenek Durumu Sorgusu|115.02.08::Yapı Kullanma İzin Belgesi Talebi|115.02.10::Numarataj Belgesi Talebi|115.02.10::Bina Kod Numarası Sorgusu|115.02.10::Yanlış Adres Kaydının Düzeltilmesi|125::Evlenme Ehliyet Belgesi Talebi|155.01::Sıfır Atık Belgesi Talebi|170::Ruhsat Dosyası Bilgi Talebi
belediye,051,Toplantı ve Etkinlik İşleri,051,ortak,20,438,4.57,dusuk,050::Kurul Toplantı Gündemi|050::Kurul Toplantı Daveti|050::Toplantı Tutanağının Gönderilmesi|050::Olağanüstü Toplantı Çağrısı|602::Plan Hazırlık Toplantısı|602.04::Stratejik Plan Çalıştayı Daveti|752.01::Uzlaşma Görüşmesi Daveti|755::İş Programının Gönderilmesi|756::Taşınmaz Tahsis Talebi|756.01::Okul Yeri Tahsis Talebi|756.01::Tahsis Kararının Gönderilmesi|801::Hizmet Aracı Tahsis Talebi|807.01::Boya Badana İşleri Hk.|105::Meclis Toplantı Daveti|105::Meclis Toplantı Tutanağı|110::Encümen Toplantısı Hk.|110::Encümen Toplantı Tutanağı|120::Kurs ve Etkinlik Programı|120::Etkinlik İşbirliği Teklifi|125::Nikâh Salonu Tahsisi
belediye,125,Evlendirme İşlemleri,125,kuruma_ozel,20,438,4.57,dusuk,051::Etkinlik Salonu Tahsis Talebi|622.02::Belge Sureti Talebi|622.02::Belge Talebinin Karşılanamaması Hk.|622.02::Suret Onay Ücreti Hk.|622.02::Arşivden Belge Çıkarılması Talebi|641::Savunmaya Esas Bilgi ve Belge Talebi|641::Dava Dosyasının Gönderilmesi|641.04::Savunmaya Esas Belge Talebi|805::Belge Yönetimi Eğitimi Hk.|805::Elektronik Belge Yönetim Sistemi Hk.|805.02.05::Arşiv Belgesi Araştırma Talebi|903::Hizmet Belgesi Talebi|115.01.08::Tevhit Dosyasının İncelenmesi|115.02.01::İmar Durum Belgesi Talebi|115.02.08::Yapı Kullanma İzin Belgesi Talebi|115.02.10::Numarataj Belgesi Talebi|120::Kültür Merkezi Salon Tahsisi|120.02::Engelli Park Yeri Tahsisi|155.01::Sıfır Atık Belgesi Talebi|175::Muayene Ücreti Hk.
belediye,110,Encümen İşleri,110,kuruma_ozel,21,438,4.79,dusuk,050::Kurul Toplantı Gündemi|050::Kurul Üyeliği Bildirimi|050::Kurul Toplantı Daveti|050::Toplantı Tutanağının Gönderilmesi|050::Olağanüstü Toplantı Çağrısı|051::Toplantı Tarihi Değişikliği|051::Koordinasyon Toplantısı Daveti|602::Plan Hazırlık Toplantısı|622.02::Talep Edilen Belgenin Gönderilmesi|805::Standart Dosya Planı Uygulaması|805::Dosya Planı Güncellemesi|805::Devir Teslim Tutanağı|807.01::Boya Badana İşleri Hk.|858::İdari Yaptırım Karar Tutanağı|105::Meclis Toplantı Daveti|105::Meclis Üyeliği Hk.|105::Meclis Toplantı Tutanağı|115.01.08::Encümene Sevk Edilen İfraz Dosyası|115.02::Seviye Tespit Tutanağı|115.02.11::Yapı Tatil Tutanağı Hk.|115.02.11::Encümen Cezasına İtiraz
belediye,170,İşyeri Açma ve Çalışma Ruhsatı İşlemleri,170,kuruma_ozel,21,438,4.79,dusuk,010::Mevzuat Bilgi Sistemi Güncellemesi|602::Yıllık Çalışma Programı|622.01::Bilgi Edinme Başvurusu|622.01::Bilgi Edinme Talebinin Reddi Hk.|641::Savunmaya Esas Bilgi ve Belge Talebi|641.04::Dava Konusu İşleme İlişkin Bilgi|903::Özlük Dosyası Bilgi Talebi|903::Personel Bilgi Formunun Gönderilmesi|903::Disiplin Dosyası Bilgisi|115::İmar Dosyası Bilgi Talebi|115.01.08::Encümene Sevk Edilen İfraz Dosyası|115.02::Ruhsat Dosyası Bilgi Talebi|115.02.01::İmar Durumu Bilgi Talebi|115.02.04::Yapı Ruhsatı Başvurusu|115.02.04::Ruhsat Yenileme Talebi|115.02.04::Yapı Ruhsatı Tadilatı Hk.|115.02.04::Ruhsat Eki Projelerin Onayı|115.02.04::Ruhsat Süresinin Uzatılması|115.02.04::Ruhsat Harcı İadesi Talebi|115.02.08::İskan Ruhsatı Başvurusu|155::Çevre Denetimi Hk.
belediye,801,Taşıt ve İş Makineleri İşleri,801,ortak,22,438,5.02,dusuk,051::Etkinlik Salonu Tahsis Talebi|756::Taşınmaz Tahsis Talebi|756::Kayıt Düzeltme Talebi|756.02::Taşınmaz Kiralama Talebi|773::Stajyer Sigorta Giriş İşlemleri|805.02.05::Arşivde İnceleme Randevusu|756.01::Okul Yeri Tahsis Talebi|756.01::Tahsis Kararının Gönderilmesi|802::Servis Aracı Görevlendirmesi|807.01::Boya Badana İşleri Hk.|903::Hizmet Belgesi Talebi|934::Mal ve Hizmet Alımı Talebi|934.01::Muayene ve Kabul İşlemleri|115::İmar Arşivi Kayıt Sorgusu|115.02.08::İskan Öncesi Kontrol Randevusu|115.02.10::Adres Kayıt Sistemi Güncellemesi|120::Kurs Kayıt Duyurusu|120.02::Engelli Aracı Talebi|175::Periyodik Muayene Talebi|175::Muayene Randevusu Hk.|175::Muayene Ücreti Hk.|180.03::Yerinde İnceleme Randevusu
belediye,115,İmar ve Şehircilik İşleri,115,kuruma_ozel,22,438,5.02,dusuk,010::Mevzuat Bilgi Sistemi Güncellemesi|622.01::Bilgi Edinme Başvurusu|622.01::Bilgi Edinme Talebinin Reddi Hk.|641::Savunmaya Esas Bilgi ve Belge Talebi|641.04::Dava Konusu İşleme İlişkin Bilgi|755.02::İhale İlanı Hk.|756::Kayıt Düzeltme Talebi|805::Standart Dosya Planı Uygulaması|805.02.05::Arşivde İnceleme Randevusu|801::Taşıt Kayıt ve Sigorta İşlemleri|807.01::Boya Badana İşleri Hk.|815::Sosyal İnceleme Raporu Talebi|903::Özlük Dosyası Bilgi Talebi|903::Personel Bilgi Formunun Gönderilmesi|903::Disiplin Dosyası Bilgisi|934::Teknik Şartname Görüşü|934::Ödenek Durumu Sorgusu|934.01::Mal Alımı Teknik Şartnamesi|120::Kurs Kayıt Duyurusu|170::Ruhsat Dosyası Bilgi Talebi|180.03::Yerinde İnceleme Randevusu|190::Vergi ve Harç Uygulaması Hk.
belediye,010,Mevzuat İşleri,010,ortak,23,438,5.25,dusuk,045::Uygulama Tereddüdü Hk.|045.02::Mevzuat Çelişkisi Hakkında Mütalaa|602.04::Stratejik Plan Taslağı Hakkında Görüş|622.01::Bilgi Edinme Başvurusu|622.01::Bilgi Edinme Talebinin Reddi Hk.|641::Savunmaya Esas Bilgi ve Belge Talebi|641.04::Dava Konusu İşleme İlişkin Bilgi|805::Dosya Planı Güncellemesi|805::Elektronik Belge Yönetim Sistemi Hk.|755.01::Uygulama Projesi Revizyonu|807.01::Isıtma Sistemi Bakımı|807.01::Boya Badana İşleri Hk.|841::Bütçe Uygulama Talimatı|903::Özlük Dosyası Bilgi Talebi|903::Personel Bilgi Formunun Gönderilmesi|115::İmar Dosyası Bilgi Talebi|115.01::Plan Notunun Yorumlanması|115.01.06::Uygulama İmar Planı Değişikliği Talebi|115.01.06::Uygulama İmar Planı Onayı Hk.|115.02::Ruhsat Dosyası Bilgi Talebi|115.02.01::İmar Durumu Bilgi Talebi|115.02.10::Adres Kayıt Sistemi Güncellemesi|170::Ruhsat Dosyası Bilgi Talebi
belediye,115.02,Yapı İşleri,115,kuruma_ozel,23,438,5.25,dusuk,010::Mevzuat Bilgi Sistemi Güncellemesi|622.01::Bilgi Edinme Başvurusu|622.01::Bilgi Edinme Talebinin Reddi Hk.|641::Savunmaya Esas Bilgi ve Belge Talebi|641.04::Dava Konusu İşleme İlişkin Bilgi|752::Bedel Tespit Komisyonu Kararı|752.01::Bedel Tespit ve Tescil Davası Hk.|805::Devir Teslim Tutanağı|807.01::Boya Badana İşleri Hk.|858::İdari Yaptırım Karar Tutanağı|903::Özlük Dosyası Bilgi Talebi|903::Personel Bilgi Formunun Gönderilmesi|903::Disiplin Dosyası Bilgisi|105::Meclis Toplantı Tutanağı|110::Encümen Toplantı Tutanağı|115.01.08::Encümene Sevk Edilen İfraz Dosyası|155::Denetim Raporunun Gönderilmesi|170::İşyeri Ruhsat İşlemleri Hk.|170::Ruhsat Denetimi|170::Ruhsat Dosyası Bilgi Talebi|170::Ruhsat İptali İşlemi|170.01::Ruhsat Devir Talebi|170.01::Ruhsat Sureti Talebi
belediye,115.02.11,Kaçak ve Ruhsata Aykırı Yapılar,115,kuruma_ozel,23,438,5.25,dusuk,622::Süresi İçinde Cevaplanmayan Başvuru Hk.|752.01::Kamulaştırma İşlemine İtiraz|755.02::İhaleye İtiraz Başvurusu|805::Saklama Süresi Hakkında Görüş|805::Devir Teslim Tutanağı|858::İdari Para Cezasına İtiraz|858::İdari Yaptırım Karar Tutanağı|105::Meclis Toplantı Tutanağı|105.04::Karar Aleyhine İtiraz|110::Encümen Gündemi|110::Encümen Toplantısı Hk.|110::Encümen Üyeliği Bildirimi|110::Encümen Toplantı Tutanağı|110.04::Encümen Kararının Gönderilmesi|110.04::Encümen Kararı Örneği Talebi|110.04::Encümen Kararının Tebliği|110.04::Yıkım Kararının Uygulanması|110.04::Karara İtiraz Başvurusu|115.02.08::Eksikliklerin Giderilmesi Hk.|175::Damga Süresi Dolan Aletler|180.03::Eksikliklerin Giderilmesi Hk.|190.01::Beyan Süresi Duyurusu|190.01::Tarh İşlemine İtiraz
belediye,805,"Bilgi, Belge ve Arşiv Yönetimi",805,ortak,40,438,9.13,dusuk,010::Mevzuat Bilgi Sistemi Güncellemesi|622::Süresi İçinde Cevaplanmayan Başvuru Hk.|622.01::Bilgi Edinme Başvurusu|622.01::Bilgi Edinme Talebinin Reddi Hk.|622.02::Belge Sureti Talebi|622.02::Belge Talebinin Karşılanamaması Hk.|622.02::Arşivden Belge Çıkarılması Talebi|641::Savunmaya Esas Bilgi ve Belge Talebi|641.04::Savunmaya Esas Belge Talebi|641.04::Dava Konusu İşleme İlişkin Bilgi|755::Yapım İşi Devir Talebi|756.01::Taşınmaz Devir İşlemi Hk.|756.01::Bedelsiz Devir Talebi|807.01::Isıtma Sistemi Bakımı|858::İdari Yaptırım Karar Tutanağı|903::Özlük Dosyası Bilgi Talebi|903::Personel Bilgi Formunun Gönderilmesi|105::Meclis Toplantı Tutanağı|110::Encümene Havale Edilen Dosya|110::Encümen Toplantı Tutanağı|115::İmar Dosyası Bilgi Talebi|115::İmar Mevzuatı Uygulaması|115::İmar Uygulaması Askı İlanı|115.01::İmar Planı Askı İlanı|115.01::İmar Uygulaması Sonucu
il_mudurlugu,903.02,Atama İşleri,903,ortak,1,426,0.23,yuksek,807.01::Boya Badana İşleri Hk.
il_mudurlugu,807.01,Bina ve Tesisler,807,ortak,2,426,0.47,yuksek,010::Mevzuat Bilgi Sistemi Güncellemesi|805::Elektronik Belge Yönetim Sistemi Hk.
il_mudurlugu,010.06,Genelgeler,010,ortak,3,426,0.7,yuksek,602.04::Stratejik Plan Taslağı Hakkında Görüş|756.01::Tahsisin Kaldırılması Talebi|858::Cezanın Kaldırılması Talebi
il_mudurlugu,622,Talep ve Şikayetler,622,ortak,4,426,0.94,yuksek,805::Saklama Süresi Hakkında Görüş|815::Yardım Başvurusunun Değerlendirilmesi|210.01::Nakil Başvurusunun Değerlendirilmesi|215::Denklik Başvurusunun Değerlendirilmesi
il_mudurlugu,752,Kamulaştırma ve İrtifak Hakkı İşleri,752,ortak,5,426,1.17,yuksek,755.02::İhale Komisyonu Kararı|805.02::Ayıklama ve İmha Komisyonu Kurulması|807.01::Boya Badana İşleri Hk.|215::Denklik Komisyonu Kararı|245::Bursluluk Komisyonu Kararı
il_mudurlugu,050.04,Kararlar,050,ortak,6,426,1.41,orta,756::Kayıt Düzeltme Talebi|807::Onarım Keşif Özeti|855::Ödeme Emri Tebliği|858::Tutanağın Tebliği Hk.|225::Kurul Üyeliği Bildirimi|225.02::Disiplin Kurulu Kararının Tebliği
il_mudurlugu,841.01,Bütçe Çalışmaları,841,ortak,6,426,1.41,orta,602.07::Ödenek Aktarma Talebi|934::Ödenek Durumu Sorgusu|165.01::Okul Aile Birliği Gelir Gider Bildirimi|355.02::Uygulama Takviminin Bildirilmesi|205::Kayıt Takviminin Duyurulması|245.04::Gelir Belgesi Talebi
il_mudurlugu,855,Borç ve Alacak İşleri,855,ortak,7,426,1.64,orta,050.04::Kararın İlgililere Tebliği|752.01::Kamulaştırma Bedeli Ödeme Talebi|756.02::Satış Bedelinin Taksitlendirilmesi Talebi|807.01::Boya Badana İşleri Hk.|858::Tutanağın Tebliği Hk.|165.01::Bağış Makbuzu Talebi|225.02::Disiplin Kurulu Kararının Tebliği
il_mudurlugu,050,Kurul İşleri,050,ortak,8,426,1.88,orta,051::Toplantı Tarihi Değişikliği|051::Panel Konuşmacı Daveti|051::Koordinasyon Toplantısı Daveti|602.04::Stratejik Plan Çalıştayı Daveti|752.01::Uzlaşma Görüşmesi Daveti|807.01::Boya Badana İşleri Hk.|160.01.02::BEP Toplantısı Daveti|225::Kurul Üyeliği Bildirimi
il_mudurlugu,756.02,Satış ve Kiralama,756,ortak,8,426,1.88,orta,752.01::Kamulaştırma Bedeli Ödeme Talebi|755::Keşif Artışı Onayı|756.01::Taşınmaz Devir İşlemi Hk.|801::İş Makinesi Kiralama Talebi|807::Bakım Sözleşmesi Yenilenmesi|855::Borcun Taksitlendirilmesi|934::Alım İhalesi Hk.|165.01::Kantin İhalesi Duyurusu
il_mudurlugu,165,Eğitime Yardımcı Dernek ve Kurumlar,165,kuruma_ozel,8,426,1.88,orta,815::Sosyal Yardım Başvurusu|815::Nakdi Yardım Talebi|815::Yardım Başvurusunun Değerlendirilmesi|815::Ayni Yardım Teslimi Hk.|815::Yardım Kesilmesi Hk.|355::Üniversitelerle İşbirliği Hk.|355::İşbirliği Talebinin Değerlendirilmesi|355::Protokol Taslağının Gönderilmesi
il_mudurlugu,355,YÖK'le İlişkiler,355,kuruma_ozel,8,426,1.88,orta,010::Yönerge Taslağının Gönderilmesi|602::Yıllık Çalışma Programı|805.02::Ayıklama ve İmha Komisyonu Kurulması|160.01::Destek Eğitim Odası Talebi|160.01.02::Destek Eğitim Odası Görevlendirmesi|160.02::Psikolojik Destek Talebi|165::Dernek İşbirliği Talebi|165::Protokol Teklifi
il_mudurlugu,210,Nakil ve Geçişler,210,kuruma_ozel,9,426,2.11,orta,841::Bütçe Görüşmeleri Takvimi|934::Ödenek Durumu Sorgusu|198.02::Belge Kayıt Numarası Sorgusu|198.02.01::Diploma Kayıt Numarası Sorgusu|235::Yabancı Uyruklu Öğrenci Nakil İşlemi|245::Yatılılık Başvuru Takvimi|245::Kontenjan Boşluğu Bildirimi|245.04::Kontenjan Sonuçlarının Açıklanması|250::Beceri Sınavı Takvimi
il_mudurlugu,602,Plan ve Program İşleri,602,ortak,10,426,2.35,orta,051::Koordinasyon Toplantısı Daveti|805.02::Yıllık Arşiv Faaliyet Bildirimi|807::Yıllık Bakım Onarım Programı|807.01::Boya Badana İşleri Hk.|135::Kurs Programı Onayı|135.03::Kurs Programı Değişikliği|160::Yıllık Rehberlik Raporu|160::Değerlendirme Kurulu Toplantısı|160.01.02::BEP Toplantısı Daveti|355::Ortak Çalışma Grubu Kurulması
il_mudurlugu,755.01,Etüd-Proje ve Fizibilite,755,ortak,10,426,2.35,orta,010::Uygulama Birliğinin Sağlanması|045::Uygulama Tereddüdü Hk.|602.07::Proje Gerçekleşme Oranı Bildirimi|602.07::Yeni Proje Teklifi|841::Bütçe Uygulama Talimatı|355.02::Uygulama Öğrencisi Yerleştirme Talebi|355.02::Uygulama Okulunun Belirlenmesi|355.02::Uygulama Öğretmeni Görevlendirmesi|355.02::Uygulama Takviminin Bildirilmesi|355.02::Uygulama Kontenjanı Bildirimi
il_mudurlugu,756.01,"Tahsis, Devir ve Takas",756,ortak,10,426,2.35,orta,010.06::Genelgenin Yürürlükten Kaldırılması|051::Etkinlik Salonu Tahsis Talebi|755::Yapım İşi Devir Talebi|756.02::Taşınmaz Kiralama Talebi|756.02::Taşınmaz Satış İhalesi Hk.|805::Devir Teslim Tutanağı|805.02::Arşiv Devir Teslim İşlemleri|801::Hizmet Aracı Tahsis Talebi|858::Cezanın Kaldırılması Talebi|198::Devir Teslim Listesi
il_mudurlugu,934.01,Mal Alım İşi,934,ortak,10,426,2.35,orta,755::Geçici Kabul İşlemleri|755.02::İhale İlanı Hk.|755.02::İhale Komisyonu Kararı|755.02::İhale Sonucunun Bildirilmesi|755.02::İhale Dokümanı Talebi|773::Staj Kabul Yazısı Talebi|805.02::Arşiv Malzemesi Bildirimi|801::Araç Muayene Randevusu|802::Servis Kapasitesinin Artırılması|135.03::Kurs Kontenjanının Artırılması
il_mudurlugu,045.02,Hukuki,045,ortak,11,426,2.58,orta,010::Mevzuat Değişikliği Bildirimi|010::Mevzuat Hükmünün Yorumlanması|010::Mevzuat Bilgi Sistemi Güncellemesi|602.04::Altı Aylık Değerlendirme Raporu|755::Sözleşme Feshi Hk.|773::Staj Değerlendirme Formunun Gönderilmesi|160::Değerlendirme Kurulu Toplantısı|160.01::Özel Eğitim Değerlendirme Kurulu Raporu Talebi|355.02::Öğretmenlik Uygulaması Değerlendirme Raporu|250::İşletme Değerlendirme Formu|250::Sözleşme Feshi Bildirimi
il_mudurlugu,622.01,"Bilgi Edinme, Talep ve Şikayetler",622,ortak,11,426,2.58,orta,010::Mevzuat Bilgi Sistemi Güncellemesi|641::Savunmaya Esas Bilgi ve Belge Talebi|641.04::Dava Konusu İşleme İlişkin Bilgi|805.02.05::Araştırma Talebinin Reddi Hk.|815::Yardım Başvurusunun Değerlendirilmesi|903::Özlük Dosyası Bilgi Talebi|903::Personel Bilgi Formunun Gönderilmesi|160.01.02::Kaynaştırma Uygulaması Bilgi Talebi|210.01::Nakil Başvurusunun Değerlendirilmesi|215::Denklik Başvurusunun Değerlendirilmesi|235::Öğrenci Bilgi Formunun Gönderilmesi
il_mudurlugu,602.07,Yatırım Programı,602,ortak,11,426,2.58,orta,602.04::Stratejik Plan İzleme Raporu|755.01::Etüt Proje Hazırlanması Talebi|755.01::Proje Müellifi Değişikliği|755.01::Mimari Proje Görüşü|807::Yıllık Bakım Onarım Programı|841::Ödenek Aktarma Talebi|841::Ek Ödenek Talebi|841.01::Ödenek Talebi|934::Ödenek Durumu Sorgusu|135::Kurs Programı Onayı|135.03::Kurs Programı Değişikliği
il_mudurlugu,815,Sosyal Yardım İşleri,815,ortak,11,426,2.58,orta,622::Şikâyet Başvurusunun Değerlendirilmesi|622.01::CİMER Başvurusunun Değerlendirilmesi|805.02.05::Arşivde İnceleme Randevusu|807.01::Boya Badana İşleri Hk.|165::Bağış ve Yardım Bildirimi|165::Yardım Kampanyası İzni|198::Defter ve Belge Teslimi|198.02.01::Diploma Teslimi Talebi|210.01::Nakil Başvurusunun Değerlendirilmesi|215::Denklik Başvurusunun Değerlendirilmesi|245.04::Burs Kesilmesi Hk.
il_mudurlugu,934,Alım İşi,934,ortak,11,426,2.58,orta,756.02::Taşınmaz Satış İhalesi Hk.|602.07::Ödenek Aktarma Talebi|801::Hizmet Aracı Tahsis Talebi|841::Ödenek Aktarma Talebi|841::Ek Ödenek Talebi|841.01::Ödenek Talebi|903::Hizmet Belgesi Talebi|165.01::Kantin İhalesi Duyurusu|198.02::Belge Kayıt Numarası Sorgusu|198.02.01::Diploma Kayıt Numarası Sorgusu|210::Kontenjan Durumu Sorgusu
il_mudurlugu,165.01,Okul Aile Birlikleri,165,kuruma_ozel,11,426,2.58,orta,756.02::Taşınmaz Satış İhalesi Hk.|805::Elektronik Belge Yönetim Sistemi Hk.|841.01::Gelir Gider Tahmin Cetveli|855::Tahsilat Makbuzu Talebi|934::Alım İhalesi Hk.|135::Kurs Denetim Raporu|160::Değerlendirme Kurulu Toplantısı|160.01::Özel Eğitim Değerlendirme Kurulu Raporu Talebi|225::Disiplin Kurulu Kararı|225.02::Disiplin Kurulu Kararının Tebliği|245.04::Gelir Belgesi Talebi
il_mudurlugu,245,Yatılılık/Bursluluk İşlemleri,245,kuruma_ozel,11,426,2.58,orta,622.02::Suret Onay Ücreti Hk.|752::Bedel Tespit Komisyonu Kararı|755.02::İhale Komisyonu Kararı|805.02::Ayıklama ve İmha Komisyonu Kurulması|841::Bütçe Görüşmeleri Takvimi|135::Kurs Kontenjanları Hk.|135::Kurs Ücreti Hk.|210::Kontenjan Durumu Sorgusu|210::Nakil Takvimi Duyurusu|215::Denklik Komisyonu Kararı|250::Beceri Sınavı Takvimi
il_mudurlugu,160.02,Rehberlik ve Danışma Hizmetleri,160,kuruma_ozel,12,426,2.82,orta,801::Araç Görevlendirmesi|802::Servis Hizmeti Aksaklığı Bildirimi|802::Servis Aracı Görevlendirmesi|135::Kurs Öğretmeni Görevlendirmesi|135.03::Usta Öğretici Görevlendirmesi|140::Yemek Hizmeti Bildirimi|160.01::Destek Eğitim Odası Talebi|160.01.02::Destek Eğitim Odası Görevlendirmesi|355::Akademik Destek Talebi|355.02::Uygulama Öğretmeni Görevlendirmesi|225.02::Soruşturmacı Görevlendirmesi|250::Koordinatör Öğretmen Görevlendirmesi
il_mudurlugu,755.02,İhale,755,ortak,13,426,3.05,dusuk,752::Bedel Tespit Komisyonu Kararı|752.01::Kamulaştırma İşlemine İtiraz|805.02::Ayıklama ve İmha Komisyonu Kurulması|858::İdari Para Cezasına İtiraz|934.01::Mal Alımı İhale Onayı|135.03::Halk Eğitim Kursu Açılması Talebi|160.01::Özel Eğitim Sınıfı Açılması Talebi|215::Denklik Komisyonu Kararı|215.01::Denklik Kararına İtiraz|225.02::Disiplin Cezasına İtiraz|235::Uyum Sınıfı Açılması Talebi|245::Bursluluk Komisyonu Kararı|245.04::Bursluluk Sonucuna İtiraz
il_mudurlugu,805.02,Arşiv Yönetimi,805,ortak,13,426,3.05,dusuk,602::Yıllık Çalışma Programı|752::Bedel Tespit Komisyonu Kararı|755::Yapım İşi Devir Talebi|755.02::İhale Komisyonu Kararı|756.01::Taşınmaz Devir İşlemi Hk.|756.01::Bedelsiz Devir Talebi|807::Yıllık Bakım Onarım Programı|934.01::Kırtasiye Malzemesi Alımı|160::Yıllık Rehberlik Raporu|198::Devir Teslim Listesi|355::Ortak Çalışma Grubu Kurulması|215::Denklik Komisyonu Kararı|245::Bursluluk Komisyonu Kararı
il_mudurlugu,858,İdari Yaptırım/Para Cezası İşleri,858,ortak,13,426,3.05,dusuk,010.06::Genelgenin Yürürlükten Kaldırılması|050.04::Kararın İlgililere Tebliği|752.01::Kamulaştırma İşlemine İtiraz|755.02::İhaleye İtiraz Başvurusu|805::Devir Teslim Tutanağı|756.01::Tahsisin Kaldırılması Talebi|807.01::Boya Badana İşleri Hk.|855::Ödeme Emri Tebliği|215.01::Denklik Kararına İtiraz|225.02::Disiplin Cezasına İtiraz|225.02::Disiplin Kurulu Kararının Tebliği|225.02::Cezanın Sicilden Silinmesi Talebi|245.04::Bursluluk Sonucuna İtiraz
il_mudurlugu,045,Görüşler,045,ortak,14,426,3.29,dusuk,010::Uygulama Birliğinin Sağlanması|602.04::Altı Aylık Değerlendirme Raporu|773::Staj Değerlendirme Formunun Gönderilmesi|755.01::Uygulama Projesi Revizyonu|841::Bütçe Uygulama Talimatı|160::Değerlendirme Kurulu Toplantısı|160.01::Özel Eğitim Değerlendirme Kurulu Raporu Talebi|355.02::Uygulama Öğrencisi Yerleştirme Talebi|355.02::Uygulama Okulunun Belirlenmesi|355.02::Uygulama Öğretmeni Görevlendirmesi|355.02::Uygulama Takviminin Bildirilmesi|355.02::Öğretmenlik Uygulaması Değerlendirme Raporu|355.02::Uygulama Kontenjanı Bildirimi|250::İşletme Değerlendirme Formu
il_mudurlugu,752.01,Kamulaştırma,752,ortak,14,426,3.29,dusuk,050::Kurul Toplantı Daveti|051::Panel Konuşmacı Daveti|051::Koordinasyon Toplantısı Daveti|602.04::Stratejik Plan Çalıştayı Daveti|755.02::İhaleye İtiraz Başvurusu|756.02::Kira Bedeli Artışı Hk.|756.02::İşgal Bedeli Tahakkuku|855::Ödeme Emri Tebliği|858::İdari Para Cezasına İtiraz|140::Taşımalı Eğitim Kapsamına Alınma Talebi|160.01.02::BEP Toplantısı Daveti|215.01::Denklik Kararına İtiraz|225.02::Disiplin Cezasına İtiraz|245.04::Bursluluk Sonucuna İtiraz
il_mudurlugu,755,Yapım İşleri,755,ortak,14,426,3.29,dusuk,045.02::Sözleşme Metni Hakkında Görüş|051::Etkinlik Programının Gönderilmesi|756.02::Kira Bedeli Artışı Hk.|773::Staj Kabul Yazısı Talebi|805::Devir Teslim Tutanağı|805.02::Arşiv Devir Teslim İşlemleri|756.01::Taşınmaz Devir İşlemi Hk.|756.01::Bedelsiz Devir Talebi|807::Onarım Keşif Özeti|807.01::Boya Badana İşleri Hk.|934.01::Muayene ve Kabul İşlemleri|198::Devir Teslim Listesi|215.01::Geçici Kayıt Talebi|250::Sözleşme Feshi Bildirimi
il_mudurlugu,773,Staj İşleri,773,ortak,14,426,3.29,dusuk,045::Konu Hakkında Değerlendirme Talebi|045.02::İhtilaflı Hususta Değerlendirme Talebi|602.04::Altı Aylık Değerlendirme Raporu|755::Geçici Kabul İşlemleri|801::Taşıt Kayıt ve Sigorta İşlemleri|807.01::Boya Badana İşleri Hk.|934.01::Muayene ve Kabul İşlemleri|160::Değerlendirme Kurulu Toplantısı|160.01::Özel Eğitim Değerlendirme Kurulu Raporu Talebi|355.02::Öğretmenlik Uygulaması Değerlendirme Raporu|355.02::Uygulama Kontenjanı Bildirimi|210.01::Nakil Kontenjanı Bildirimi|250::Öğrenci Sigorta İşlemleri|250::İşletme Değerlendirme Formu
il_mudurlugu,805.02.05,Arşivlerden Yararlanma,805,ortak,14,426,3.29,dusuk,622.01::Bilgi Edinme Talebinin Reddi Hk.|622.02::Talep Edilen Belgenin Gönderilmesi|622.02::Suret Onay Ücreti Hk.|622.02::Arşivden Belge Çıkarılması Talebi|801::Araç Muayene Randevusu|815::Sosyal İnceleme Raporu Talebi|903::Hizmet Belgesi Talebi|135.03::Kurs Bitirme Belgesi Talebi|198.02::Mezuniyet Belgesi Düzenlenmesi|198.02::Öğrenim Belgesi Talebi|215.01::Denklik Belgesi Talebi|225::Onur Belgesi Verilmesi|235::Öğrenim Belgesi Talebi|245.04::Gelir Belgesi Talebi
il_mudurlugu,807,Bakım ve Onarım İşleri,807,ortak,14,426,3.29,dusuk,050.04::Alınan Kararların Özeti|602::Yıllık Çalışma Programı|755::Keşif Artışı Onayı|756.02::Kira Sözleşmesinin Yenilenmesi|805.02::Yıllık Arşiv Faaliyet Bildirimi|602.07::Yatırım Programı Teklifi|602.07::Yatırım Programı Revizyon Talebi|802::Servis Sözleşmesi Hk.|135::Kurs Programı Onayı|135.03::Kurs Programı Değişikliği|140::Taşıma Aracı Sözleşmesi|160::Yıllık Rehberlik Raporu|205::Kayıt Belgelerinin Tamamlanması|250::İşletmede Beceri Eğitimi Sözleşmesi
il_mudurlugu,841,Bütçe Hazırlama ve Uygulama İşleri,841,ortak,14,426,3.29,dusuk,010::Uygulama Birliğinin Sağlanması|045::Uygulama Tereddüdü Hk.|602.07::Ödenek Aktarma Talebi|755.01::Uygulama Projesi Revizyonu|807.01::Boya Badana İşleri Hk.|934::Ödenek Durumu Sorgusu|355.02::Uygulama Öğrencisi Yerleştirme Talebi|355.02::Uygulama Okulunun Belirlenmesi|355.02::Uygulama Öğretmeni Görevlendirmesi|355.02::Uygulama Takviminin Bildirilmesi|355.02::Uygulama Kontenjanı Bildirimi|210::Nakil Takvimi Duyurusu|245::Yatılılık Başvuru Takvimi|250::Beceri Sınavı Takvimi
il_mudurlugu,051,Toplantı ve Etkinlik İşleri,051,ortak,15,426,3.52,dusuk,050::Kurul Toplantı Gündemi|050::Kurul Toplantı Daveti|050::Toplantı Tutanağının Gönderilmesi|050::Olağanüstü Toplantı Çağrısı|602::Plan Hazırlık Toplantısı|602.04::Stratejik Plan Çalıştayı Daveti|752.01::Uzlaşma Görüşmesi Daveti|755::İş Programının Gönderilmesi|756::Taşınmaz Tahsis Talebi|756.01::Okul Yeri Tahsis Talebi|756.01::Tahsis Kararının Gönderilmesi|801::Hizmet Aracı Tahsis Talebi|807.01::Boya Badana İşleri Hk.|160::Değerlendirme Kurulu Toplantısı|160.01.02::BEP Toplantısı Daveti
il_mudurlugu,602.04,Stratejik Plan,602,ortak,15,426,3.52,dusuk,010::Yönetmelik Taslağı Hakkında Görüş|010.06::Genelge Taslağı Hakkında Görüş|045::Konu Hakkında Değerlendirme Talebi|045.02::İhtilaflı Hususta Değerlendirme Talebi|050::Kurul Toplantı Daveti|051::Panel Konuşmacı Daveti|051::Koordinasyon Toplantısı Daveti|752.01::Uzlaşma Görüşmesi Daveti|773::Staj Değerlendirme Formunun Gönderilmesi|602.07::Yatırım İzleme Raporu|160::Değerlendirme Kurulu Toplantısı|160.01::Özel Eğitim Değerlendirme Kurulu Raporu Talebi|160.01.02::BEP Toplantısı Daveti|355.02::Öğretmenlik Uygulaması Değerlendirme Raporu|250::İşletme Değerlendirme Formu
il_mudurlugu,622.02,Belge Talepleri,622,ortak,15,426,3.52,dusuk,641::Savunmaya Esas Bilgi ve Belge Talebi|641.04::Savunmaya Esas Belge Talebi|805::Belge Yönetimi Eğitimi Hk.|805::Elektronik Belge Yönetim Sistemi Hk.|805.02.05::Arşivden Suret Talebi|805.02.05::Belgenin Dijital Kopyasının Gönderilmesi|135::Kurs Ücreti Hk.|198::Defter ve Belge Teslimi|198::Belge Düzenleme İşlemleri|198.02::Belge Kayıt Numarası Sorgusu|198.02::Onaylı Örnek Düzenlenmesi|215::Belge Tercümesi Talebi|215.01::Apostil Şerhli Belge Talebi|215.01::Denklik Dosyası Eksik Evrak Bildirimi|245::Pansiyon Ücreti Bildirimi
il_mudurlugu,205,Kayıt-Kabul,205,kuruma_ozel,15,426,3.52,dusuk,755::Geçici Kabul İşlemleri|756::Kayıt Düzeltme Talebi|773::Staj Kabul Yazısı Talebi|801::Taşıt Kayıt ve Sigorta İşlemleri|807::Onarım İşinin Tamamlanması Hk.|841.01::Bütçe Takviminin Duyurulması|934.01::Muayene ve Kabul İşlemleri|135.03::Kursa Kayıt Başvurusu|198::e-Okul Kayıt Düzeltmesi|198.02::Belge Kayıt Numarası Sorgusu|198.02.01::Diploma Kayıt Numarası Sorgusu|355.02::Uygulama Takviminin Bildirilmesi|210.01::Nakil Belgelerinin Gönderilmesi|215.01::Geçici Kayıt Talebi|235::Yabancı Uyruklu Öğrenci Kayıt Talebi
il_mudurlugu,198.02.01,Diploma,198,kuruma_ozel,17,426,3.99,dusuk,756::Kayıt Düzeltme Talebi|756::Taşınmaz Kullanım İzni|801::Taşıt Kayıt ve Sigorta İşlemleri|815::Ayni Yardım Teslimi Hk.|934::Ödenek Durumu Sorgusu|135.03::Kursa Kayıt Başvurusu|205::Okul Kayıt Başvurusu|205::Kayıt Alanı Dışından Kayıt Talebi|205::Kayıt İşlemleri Hk.|205::Kayıt Takviminin Duyurulması|205::Yaş Nedeniyle Kayıt Erteleme|205::Kayıt Belgelerinin Tamamlanması|210::Kontenjan Durumu Sorgusu|215.01::Yurtdışı Öğrenim Denklik Başvurusu|215.01::Geçici Kayıt Talebi|235::Yabancı Uyruklu Öğrenci Kayıt Talebi|235::Kimlik Numarası Kaydı Hk.
il_mudurlugu,210.01,Nakiller,210,kuruma_ozel,17,426,3.99,dusuk,622::Şikâyet Başvurusunun Değerlendirilmesi|622.01::CİMER Başvurusunun Değerlendirilmesi|773::Staj Kontenjanı Bildirimi|815::Yardım Başvurusunun Değerlendirilmesi|140::Öğrenci Taşıma Güzergâhı Hk.|140::Taşınacak Öğrenci Listesi|160.01::Öğrenci Yerleştirme Kararı|198::Öğrenci Kütük Kayıtları Hk.|355.02::Uygulama Kontenjanı Bildirimi|205::Kayıt Belgelerinin Tamamlanması|215::Denklik Başvurusunun Değerlendirilmesi|225::Öğrenci Ödül İşlemleri|225.02::Öğrenci Disiplin Soruşturması|235::Yabancı Uyruklu Öğrenci Kayıt Talebi|235::Yabancı Uyruklu Öğrenci Nakil İşlemi|235::Öğrenci Bilgi Formunun Gönderilmesi|250::Öğrenci Sigorta İşlemleri
il_mudurlugu,756,Taşınmaz İşleri,756,ortak,18,426,4.23,dusuk,050.04::Karar Düzeltme Talebi|051::Etkinlik Salonu Tahsis Talebi|801::Hizmet Aracı Tahsis Talebi|801::Taşıt Kayıt ve Sigorta İşlemleri|807.01::Boya Badana İşleri Hk.|135.03::Kursa Kayıt Başvurusu|198::e-Okul Kayıt Düzeltmesi|198.02::Belge Kayıt Numarası Sorgusu|198.02.01::Diploma Kayıt Numarası Sorgusu|198.02.01::Yurtdışı Kullanım İçin Onay Talebi|205::Okul Kayıt Başvurusu|205::Kayıt Alanı Dışından Kayıt Talebi|205::Kayıt İşlemleri Hk.|205::Kayıt Takviminin Duyurulması|205::Yaş Nedeniyle Kayıt Erteleme|205::Kayıt Belgelerinin Tamamlanması|215.01::Geçici Kayıt Talebi|235::Yabancı Uyruklu Öğrenci Kayıt Talebi
il_mudurlugu,245.04,Bursluluk,245,kuruma_ozel,18,426,4.23,dusuk,752.01::Kamulaştırma İşlemine İtiraz|755.02::İhaleye İtiraz Başvurusu|805.02.05::Arşiv Belgesi Araştırma Talebi|815::Yardım Kesilmesi Hk.|841.01::Gelir Gider Tahmin Cetveli|858::İdari Para Cezasına İtiraz|903::Hizmet Belgesi Talebi|135.03::Kurs Bitirme Belgesi Talebi|165.01::Okul Aile Birliği Gelir Gider Bildirimi|198.02::Mezuniyet Belgesi Düzenlenmesi|198.02::Öğrenim Belgesi Talebi|210::Kontenjan Durumu Sorgusu|215.01::Denklik Belgesi Talebi|215.01::Denklik Kararına İtiraz|225::Onur Belgesi Verilmesi|225.02::Disiplin Cezasına İtiraz|235::Öğrenim Belgesi Talebi|250::Beceri Sınavı Takvimi
il_mudurlugu,641.04,İdari Davalar,641,ortak,19,426,4.46,dusuk,010::Mevzuat Bilgi Sistemi Güncellemesi|622.01::Bilgi Edinme Başvurusu|622.01::Bilgi Edinme Talebinin Reddi Hk.|622.02::Belge Sureti Talebi|622.02::Belge Talebinin Karşılanamaması Hk.|622.02::Arşivden Belge Çıkarılması Talebi|805::Belge Yönetimi Eğitimi Hk.|805::Elektronik Belge Yönetim Sistemi Hk.|858::İdari Para Cezasına İtiraz|858::İdari Yaptırım Karar Tutanağı|903::Özlük Dosyası Bilgi Talebi|903::Personel Bilgi Formunun Gönderilmesi|160.01.02::Kaynaştırma Uygulaması Bilgi Talebi|198::Defter ve Belge Teslimi|198::Belge Düzenleme İşlemleri|198.02::Belge Kayıt Numarası Sorgusu|215::Belge Tercümesi Talebi|215.01::Apostil Şerhli Belge Talebi|235::Öğrenci Bilgi Formunun Gönderilmesi
il_mudurlugu,215,Denklik İşleri,215,kuruma_ozel,20,426,4.69,dusuk,622::Şikâyet Başvurusunun Değerlendirilmesi|622.01::CİMER Başvurusunun Değerlendirilmesi|622.02::Belge Sureti Talebi|622.02::Belge Talebinin Karşılanamaması Hk.|622.02::Arşivden Belge Çıkarılması Talebi|641::Savunmaya Esas Bilgi ve Belge Talebi|641.04::Savunmaya Esas Belge Talebi|752::Bedel Tespit Komisyonu Kararı|755.02::İhale Komisyonu Kararı|805::Belge Yönetimi Eğitimi Hk.|805::Elektronik Belge Yönetim Sistemi Hk.|805.02::Ayıklama ve İmha Komisyonu Kurulması|807.01::Boya Badana İşleri Hk.|815::Yardım Başvurusunun Değerlendirilmesi|198::Defter ve Belge Teslimi|198::Belge Düzenleme İşlemleri|198.02::Ayrılma Belgesinin Gönderilmesi|198.02::Belge Kayıt Numarası Sorgusu|210.01::Nakil Başvurusunun Değerlendirilmesi|245::Bursluluk Komisyonu Kararı
il_mudurlugu,160,"Özel Eğitim, Rehberlik ve Danışma Hizmetleri",160,kuruma_ozel,22,426,5.16,dusuk,045::Konu Hakkında Değerlendirme Talebi|045.02::İhtilaflı Hususta Değerlendirme Talebi|051::Koordinasyon Toplantısı Daveti|602::Yıllık Çalışma Programı|602::Plan Hazırlık Toplantısı|602.04::Altı Aylık Değerlendirme Raporu|773::Staj Değerlendirme Formunun Gönderilmesi|805::Standart Dosya Planı Uygulaması|805::Dosya Planı Güncellemesi|805.02::Yıllık Arşiv Faaliyet Bildirimi|807::Yıllık Bakım Onarım Programı|135::Kurs Öğretmeni Görevlendirmesi|135.03::Halk Eğitim Kursu Açılması Talebi|140::Taşımalı Eğitim Kapsamına Alınma Talebi|165.01::Okul Aile Birliği Genel Kurulu|165.01::Yönetim Kurulu Seçimi Hk.|165.01::Denetim Kurulu Raporu|355.02::Uygulama Öğretmeni Görevlendirmesi|355.02::Öğretmenlik Uygulaması Değerlendirme Raporu|225::Disiplin Kurulu Kararı|225.02::Disiplin Kurulu Kararının Tebliği|250::İşletme Değerlendirme Formu
il_mudurlugu,010,Mevzuat İşleri,010,ortak,23,426,5.4,dusuk,045::Uygulama Tereddüdü Hk.|045.02::Mevzuat Çelişkisi Hakkında Mütalaa|602.04::Stratejik Plan Taslağı Hakkında Görüş|622.01::Bilgi Edinme Başvurusu|622.01::Bilgi Edinme Talebinin Reddi Hk.|641::Savunmaya Esas Bilgi ve Belge Talebi|641.04::Dava Konusu İşleme İlişkin Bilgi|805::Dosya Planı Güncellemesi|805::Elektronik Belge Yönetim Sistemi Hk.|755.01::Uygulama Projesi Revizyonu|807.01::Isıtma Sistemi Bakımı|807.01::Boya Badana İşleri Hk.|841::Bütçe Uygulama Talimatı|903::Özlük Dosyası Bilgi Talebi|903::Personel Bilgi Formunun Gönderilmesi|160.01.02::Kaynaştırma Uygulaması Bilgi Talebi|355::Protokol Taslağının Gönderilmesi|355.02::Uygulama Öğrencisi Yerleştirme Talebi|355.02::Uygulama Okulunun Belirlenmesi|355.02::Uygulama Öğretmeni Görevlendirmesi|355.02::Uygulama Takviminin Bildirilmesi|355.02::Uygulama Kontenjanı Bildirimi|235::Öğrenci Bilgi Formunun Gönderilmesi
il_mudurlugu,641,Dava İşleri,641,ortak,23,426,5.4,dusuk,010::Mevzuat Bilgi Sistemi Güncellemesi|622.01::Bilgi Edinme Başvurusu|622.01::Bilgi Edinme Talebinin Reddi Hk.|622.02::Belge Sureti Talebi|622.02::Belge Talebinin Karşılanamaması Hk.|622.02::Arşivden Belge Çıkarılması Talebi|805::Belge Yönetimi Eğitimi Hk.|805::Elektronik Belge Yönetim Sistemi Hk.|802::Servis Saatlerinin Düzenlenmesi|807.01::Boya Badana İşleri Hk.|903::Özlük Dosyası Bilgi Talebi|903::Personel Bilgi Formunun Gönderilmesi|160.01.02::Kaynaştırma Uygulaması Bilgi Talebi|160.01.02::Sınıf Mevcudunun Düzenlenmesi|198::Defter ve Belge Teslimi|198::Belge Düzenleme İşlemleri|198.02::Mezuniyet Belgesi Düzenlenmesi|198.02::Belge Kayıt Numarası Sorgusu|198.02::Onaylı Örnek Düzenlenmesi|215::Belge Tercümesi Talebi|215.01::Apostil Şerhli Belge Talebi|225.02::Disiplin Dosyasının Gönderilmesi|235::Öğrenci Bilgi Formunun Gönderilmesi
il_mudurlugu,802,Ulaşım ve Servis İşleri,802,ortak,23,426,5.4,dusuk,641::Vekâletname Düzenlenmesi|801::Hizmet Aracı Tahsis Talebi|801::Araç Görevlendirmesi|807::Bakım Sözleşmesi Yenilenmesi|807.01::Boya Badana İşleri Hk.|934.01::Alım Miktarının Artırılması|135::Kurs Öğretmeni Görevlendirmesi|135.03::Usta Öğretici Görevlendirmesi|135.03::Kurs Kontenjanının Artırılması|140::Öğrenci Taşıma Güzergâhı Hk.|140::Taşıma Aracı Sözleşmesi|140::Yemek Hizmeti Bildirimi|140::Güzergâh Değişikliği Talebi|160.01.02::Destek Eğitim Odası Görevlendirmesi|160.01.02::Sınıf Mevcudunun Düzenlenmesi|160.02::Rehberlik Hizmeti Talebi|160.02::Rehber Öğretmen Görevlendirmesi|198.02::Mezuniyet Belgesi Düzenlenmesi|198.02::Onaylı Örnek Düzenlenmesi|355.02::Uygulama Öğretmeni Görevlendirmesi|225.02::Soruşturmacı Görevlendirmesi|250::İşletmede Beceri Eğitimi Sözleşmesi|250::Koordinatör Öğretmen Görevlendirmesi
il_mudurlugu,903,Personel Özlük İşleri,903,ortak,24,426,5.63,dusuk,010::Mevzuat Bilgi Sistemi Güncellemesi|622.01::Bilgi Edinme Başvurusu|622.01::Bilgi Edinme Talebinin Reddi Hk.|641::Savunmaya Esas Bilgi ve Belge Talebi|641.04::Dava Konusu İşleme İlişkin Bilgi|805.02.05::Arşiv Belgesi Araştırma Talebi|801::Hizmet Aracı Tahsis Talebi|807.01::Boya Badana İşleri Hk.|934::Mal ve Hizmet Alımı Talebi|135.03::Kurs Bitirme Belgesi Talebi|160.01.02::Kaynaştırma Uygulaması Bilgi Talebi|198.02::Mezuniyet Belgesi Düzenlenmesi|198.02::Öğrenim Belgesi Talebi|215.01::Denklik Belgesi Talebi|215.01::Denklik Dosyası Eksik Evrak Bildirimi|225::Disiplin Kurulu Kararı|225::Onur Belgesi Verilmesi|225.02::Öğrenci Disiplin Soruşturması|225.02::Disiplin Cezasına İtiraz|225.02::Disiplin Kurulu Kararının Tebliği|225.02::Disiplin Dosyasının Gönderilmesi|235::Öğrenim Belgesi Talebi|235::Öğrenci Bilgi Formunun Gönderilmesi|245.04::Gelir Belgesi Talebi
il_mudurlugu,135,Eğitim Kurumlarında Açılan Kurslar,135,kuruma_ozel,24,426,5.63,dusuk,602::Yıllık Çalışma Programı|622.02::Suret Onay Ücreti Hk.|602.07::Yatırım Programı Teklifi|602.07::Yatırım Programı Revizyon Talebi|801::Araç Görevlendirmesi|802::Servis Aracı Görevlendirmesi|807::Yıllık Bakım Onarım Programı|140::Taşımalı Eğitim Kapsamına Alınma Talebi|160::Özel Eğitim Hizmetleri Hk.|160::Özel Eğitim Öğretmeni İhtiyacı|160.01::Özel Eğitim Değerlendirme Kurulu Raporu Talebi|160.01::Destek Eğitim Odası Talebi|160.01::Özel Eğitim Sınıfı Açılması Talebi|160.01::Evde Eğitim Başvurusu|160.01::Özel Eğitim Materyali Talebi|160.01.02::Destek Eğitim Odası Görevlendirmesi|160.01.02::Kaynaştırma Öğretmeni Talebi|160.02::Rehber Öğretmen Görevlendirmesi|165.01::Denetim Kurulu Raporu|355.02::Uygulama Öğretmeni Görevlendirmesi|225.02::Soruşturmacı Görevlendirmesi|245::Yatılılık Kontenjanları|245::Pansiyon Ücreti Bildirimi|250::Koordinatör Öğretmen Görevlendirmesi
il_mudurlugu,140,Taşımalı Eğitim,140,kuruma_ozel,27,426,6.34,dusuk,752.01::Taşınmazın Kamulaştırma Kapsamına Alınması Talebi|801::Hizmet Aracı Tahsis Talebi|802::Servis Güzergâhı Talebi|802::Servis Hizmeti Aksaklığı Bildirimi|802::Servis Aracı Görevlendirmesi|802::Servis Sözleşmesi Hk.|807::Bakım Sözleşmesi Yenilenmesi|135.03::Halk Eğitim Kursu Açılması Talebi|160::Özel Eğitim Hizmetleri Hk.|160::Özel Eğitim Öğretmeni İhtiyacı|160.01::Özel Eğitim Değerlendirme Kurulu Raporu Talebi|160.01::Destek Eğitim Odası Talebi|160.01::Özel Eğitim Sınıfı Açılması Talebi|160.01::Evde Eğitim Başvurusu|160.01::Özel Eğitim Materyali Talebi|160.01::Öğrenci Yerleştirme Kararı|160.01.02::Destek Eğitim Odası Görevlendirmesi|160.02::Rehberlik Hizmeti Talebi|198::Öğrenci Kütük Kayıtları Hk.|210.01::Öğrenci Nakil Talebi|225::Öğrenci Ödül İşlemleri|225.02::Öğrenci Disiplin Soruşturması|235::Yabancı Uyruklu Öğrenci Kayıt Talebi|235::Yabancı Uyruklu Öğrenci Nakil İşlemi|235::Öğrenci Bilgi Formunun Gönderilmesi
il_mudurlugu,160.01,Özel Eğitim Hizmetleri,160,kuruma_ozel,28,426,6.57,dusuk,045::Konu Hakkında Değerlendirme Talebi|045.02::İhtilaflı Hususta Değerlendirme Talebi|602.04::Altı Aylık Değerlendirme Raporu|755.02::Teklif Zarflarının Açılması|773::Staj Değerlendirme Formunun Gönderilmesi|135.03::Halk Eğitim Kursu Açılması Talebi|140::Taşımalı Eğitim Kapsamına Alınma Talebi|140::Öğrenci Taşıma Güzergâhı Hk.|140::Taşınacak Öğrenci Listesi|160.02::Psikolojik Destek Talebi|165.01::Okul Aile Birliği Genel Kurulu|165.01::Yönetim Kurulu Seçimi Hk.|165.01::Denetim Kurulu Raporu|198::Öğrenci Kütük Kayıtları Hk.|355::Akademik Destek Talebi|355.02::Uygulama Öğrencisi Yerleştirme Talebi|355.02::Öğretmenlik Uygulaması Değerlendirme Raporu|210.01::Öğrenci Nakil Talebi|225::Öğrenci Ödül İşlemleri|225::Disiplin Kurulu Kararı|225.02::Öğrenci Disiplin Soruşturması|225.02::Disiplin Kurulu Kararının Tebliği|235::Yabancı Uyruklu Öğrenci Kayıt Talebi|235::Yabancı Uyruklu Öğrenci Nakil İşlemi|235::Öğrenci Bilgi Formunun Gönderilmesi
il_mudurlugu,225,Ödül ve Disiplin İşleri,225,kuruma_ozel,29,426,6.81,dusuk,050::Kurul Toplantı Gündemi|050::Kurul Üyeliği Bildirimi|050::Kurul Toplantı Daveti|050::Kurul Üyesi Değişikliği|050.04::Kurul Kararının Gönderilmesi|805.02.05::Arşiv Belgesi Araştırma Talebi|807.01::Boya Badana İşleri Hk.|903::Hizmet Belgesi Talebi|903::Disiplin Dosyası Bilgisi|135.03::Kurs Bitirme Belgesi Talebi|140::Öğrenci Taşıma Güzergâhı Hk.|140::Taşınacak Öğrenci Listesi|160::Değerlendirme Kurulu Toplantısı|160.01::Özel Eğitim Değerlendirme Kurulu Raporu Talebi|160.01::Öğrenci Yerleştirme Kararı|165.01::Okul Aile Birliği Genel Kurulu|165.01::Yönetim Kurulu Seçimi Hk.|165.01::Denetim Kurulu Raporu|198::Öğrenci Kütük Kayıtları Hk.|198.02::Mezuniyet Belgesi Düzenlenmesi|198.02::Öğrenim Belgesi Talebi|210.01::Öğrenci Nakil Talebi|215.01::Denklik Belgesi Talebi|235::Yabancı Uyruklu Öğrenci Kayıt Talebi|235::Öğrenim Belgesi Talebi
il_mudurlugu,805,"Bilgi, Belge ve Arşiv Yönetimi",805,ortak,30,426,7.04,dusuk,010::Mevzuat Bilgi Sistemi Güncellemesi|622::Süresi İçinde Cevaplanmayan Başvuru Hk.|622.01::Bilgi Edinme Başvurusu|622.01::Bilgi Edinme Talebinin Reddi Hk.|622.02::Belge Sureti Talebi|622.02::Belge Talebinin Karşılanamaması Hk.|622.02::Arşivden Belge Çıkarılması Talebi|641::Savunmaya Esas Bilgi ve Belge Talebi|641.04::Savunmaya Esas Belge Talebi|641.04::Dava Konusu İşleme İlişkin Bilgi|755::Yapım İşi Devir Talebi|756.01::Taşınmaz Devir İşlemi Hk.|756.01::Bedelsiz Devir Talebi|807.01::Isıtma Sistemi Bakımı|858::İdari Yaptırım Karar Tutanağı|903::Özlük Dosyası Bilgi Talebi|903::Personel Bilgi Formunun Gönderilmesi|160::Rehberlik Çalışmaları Planı|160.01.02::Kaynaştırma Uygulaması Bilgi Talebi|165.01::Yönetim Kurulu Seçimi Hk.|198::Defter ve Belge Teslimi|198::Belge Düzenleme İşlemleri|198::Devir Teslim Listesi|198.02::Belge Kayıt Numarası Sorgusu|355.02::Öğretmenlik Uygulaması Protokolü
il_mudurlugu,801,Taşıt ve İş Makineleri İşleri,801,ortak,34,426,7.98,dusuk,051::Etkinlik Salonu Tahsis Talebi|756::Taşınmaz Tahsis Talebi|756::Kayıt Düzeltme Talebi|756.02::Taşınmaz Kiralama Talebi|773::Stajyer Sigorta Giriş İşlemleri|805.02.05::Arşivde İnceleme Randevusu|756.01::Okul Yeri Tahsis Talebi|756.01::Tahsis Kararının Gönderilmesi|802::Servis Aracı Görevlendirmesi|807.01::Boya Badana İşleri Hk.|903::Hizmet Belgesi Talebi|934::Mal ve Hizmet Alımı Talebi|934.01::Muayene ve Kabul İşlemleri|135::Kurs Öğretmeni Görevlendirmesi|135.03::Kursa Kayıt Başvurusu|135.03::Usta Öğretici Görevlendirmesi|140::Taşıma Aracı Sözleşmesi|160.01.02::Destek Eğitim Odası Görevlendirmesi|160.02::Rehber Öğretmen Görevlendirmesi|198::e-Okul Kayıt Düzeltmesi|198.02::Belge Kayıt Numarası Sorgusu|198.02.01::Diploma Kayıt Numarası Sorgusu|355.02::Uygulama Öğretmeni Görevlendirmesi|205::Okul Kayıt Başvurusu|205::Kayıt Alanı Dışından Kayıt Talebi
il_mudurlugu,225.02,Disiplin İşleri,225,kuruma_ozel,34,426,7.98,dusuk,050.04::Kararın İlgililere Tebliği|641::Dava Dosyasının Gönderilmesi|752.01::Kamulaştırma İşlemine İtiraz|755.02::İhaleye İtiraz Başvurusu|801::Araç Görevlendirmesi|802::Servis Aracı Görevlendirmesi|807.01::Boya Badana İşleri Hk.|855::Ödeme Emri Tebliği|858::İdari Para Cezasına İtiraz|858::Cezanın Kaldırılması Talebi|858::Tutanağın Tebliği Hk.|903::Disiplin Dosyası Bilgisi|135::Kurs Öğretmeni Görevlendirmesi|135.03::Usta Öğretici Görevlendirmesi|140::Öğrenci Taşıma Güzergâhı Hk.|140::Taşınacak Öğrenci Listesi|160::Değerlendirme Kurulu Toplantısı|160.01::Özel Eğitim Değerlendirme Kurulu Raporu Talebi|160.01::Öğrenci Yerleştirme Kararı|160.01.02::Destek Eğitim Odası Görevlendirmesi|160.02::Rehber Öğretmen Görevlendirmesi|165.01::Okul Aile Birliği Genel Kurulu|165.01::Yönetim Kurulu Seçimi Hk.|165.01::Denetim Kurulu Raporu|198::Öğrenci Kütük Kayıtları Hk.
il_mudurlugu,198.02,Mezuniyet/Ayrılma Belgeleri,198,kuruma_ozel,36,426,8.45,dusuk,622.02::Onaylı Örnek Talebi|622.02::Belge Sureti Talebi|622.02::Belge Talebinin Karşılanamaması Hk.|622.02::Arşivden Belge Çıkarılması Talebi|641::Savunmaya Esas Bilgi ve Belge Talebi|641::Vekâletname Düzenlenmesi|641.04::Savunmaya Esas Belge Talebi|756::Kayıt Düzeltme Talebi|805::Belge Yönetimi Eğitimi Hk.|805::Elektronik Belge Yönetim Sistemi Hk.|805.02.05::Arşiv Belgesi Araştırma Talebi|801::Taşıt Kayıt ve Sigorta İşlemleri|802::Servis Saatlerinin Düzenlenmesi|903::Hizmet Belgesi Talebi|934::Ödenek Durumu Sorgusu|135.03::Kursa Kayıt Başvurusu|135.03::Kurs Bitirme Belgesi Talebi|160.01.02::Sınıf Mevcudunun Düzenlenmesi|205::Okul Kayıt Başvurusu|205::Kayıt Alanı Dışından Kayıt Talebi|205::Kayıt İşlemleri Hk.|205::Kayıt Takviminin Duyurulması|205::Yaş Nedeniyle Kayıt Erteleme|205::Kayıt Belgelerinin Tamamlanması|210::Kontenjan Durumu Sorgusu
il_mudurlugu,355.02,Eğitim Fakülteleri İle İlişkiler,355,kuruma_ozel,36,426,8.45,dusuk,010::Uygulama Birliğinin Sağlanması|045::Uygulama Tereddüdü Hk.|045::Konu Hakkında Değerlendirme Talebi|045.02::İhtilaflı Hususta Değerlendirme Talebi|602.04::Altı Aylık Değerlendirme Raporu|773::Staj Değerlendirme Formunun Gönderilmesi|773::Staj Kontenjanı Bildirimi|805::Standart Dosya Planı Uygulaması|755.01::Uygulama Projesi Revizyonu|801::Araç Görevlendirmesi|802::Servis Aracı Görevlendirmesi|841::Bütçe Uygulama Talimatı|841.01::Bütçe Takviminin Duyurulması|135::Kurs Öğretmeni Görevlendirmesi|135.03::Halk Eğitim Kursu Açılması Talebi|135.03::Usta Öğretici Görevlendirmesi|140::Taşımalı Eğitim Kapsamına Alınma Talebi|160::Özel Eğitim Hizmetleri Hk.|160::Özel Eğitim Öğretmeni İhtiyacı|160::Değerlendirme Kurulu Toplantısı|160.01::Özel Eğitim Değerlendirme Kurulu Raporu Talebi|160.01::Destek Eğitim Odası Talebi|160.01::Özel Eğitim Sınıfı Açılması Talebi|160.01::Evde Eğitim Başvurusu|160.01::Özel Eğitim Materyali Talebi
il_mudurlugu,160.01.02,Kaynaştırma Eğitimi,160,kuruma_ozel,37,426,8.69,dusuk,010::Mevzuat Bilgi Sistemi Güncellemesi|050::Kurul Toplantı Daveti|051::Panel Konuşmacı Daveti|051::Koordinasyon Toplantısı Daveti|602::Plan Hazırlık Toplantısı|602.04::Stratejik Plan Çalıştayı Daveti|622.01::Bilgi Edinme Başvurusu|622.01::Bilgi Edinme Talebinin Reddi Hk.|641::Savunmaya Esas Bilgi ve Belge Talebi|641::Vekâletname Düzenlenmesi|641.04::Dava Konusu İşleme İlişkin Bilgi|752.01::Uzlaşma Görüşmesi Daveti|805::Standart Dosya Planı Uygulaması|805::Belge Yönetimi Eğitimi Hk.|801::Araç Görevlendirmesi|802::Servis Aracı Görevlendirmesi|802::Servis Saatlerinin Düzenlenmesi|903::Özlük Dosyası Bilgi Talebi|903::Personel Bilgi Formunun Gönderilmesi|135::Kurs Öğretmeni Görevlendirmesi|135.03::Halk Eğitim Kursu Açılması Talebi|135.03::Usta Öğretici Görevlendirmesi|140::Taşımalı Eğitim Kapsamına Alınma Talebi|160.02::Rehber Öğretmen Görevlendirmesi|160.02::Psikolojik Destek Talebi
il_mudurlugu,198,"Eğitimle İlgili Defter, Dosya, Çizelge ve Belgeler",198,kuruma_ozel,37,426,8.69,dusuk,622.02::Belge Sureti Talebi|622.02::Belge Talebinin Karşılanamaması Hk.|622.02::Arşivden Belge Çıkarılması Talebi|641::Savunmaya Esas Bilgi ve Belge Talebi|641.04::Savunmaya Esas Belge Talebi|755::Yapım İşi Devir Talebi|756::Kayıt Düzeltme Talebi|805::Standart Dosya Planı Uygulaması|805::Belge Yönetimi Eğitimi Hk.|805::Dosya Planı Güncellemesi|805::Elektronik Belge Yönetim Sistemi Hk.|805::Devir Teslim Tutanağı|805.02::Arşiv Devir Teslim İşlemleri|756.01::Taşınmaz Devir İşlemi Hk.|756.01::Bedelsiz Devir Talebi|801::Taşıt Kayıt ve Sigorta İşlemleri|815::Ayni Yardım Teslimi Hk.|135.03::Kursa Kayıt Başvurusu|140::Öğrenci Taşıma Güzergâhı Hk.|140::Taşınacak Öğrenci Listesi|160.01::Öğrenci Yerleştirme Kararı|205::Okul Kayıt Başvurusu|205::Kayıt Alanı Dışından Kayıt Talebi|205::Kayıt İşlemleri Hk.|205::Kayıt Takviminin Duyurulması
il_mudurlugu,135.03,Yaygın Eğitim Kursları,135,kuruma_ozel,44,426,10.33,dusuk,602::Yıllık Çalışma Programı|755.02::Teklif Zarflarının Açılması|756::Kayıt Düzeltme Talebi|805.02.05::Arşiv Belgesi Araştırma Talebi|602.07::Yatırım Programı Teklifi|602.07::Yatırım Programı Revizyon Talebi|801::Araç Görevlendirmesi|801::Taşıt Kayıt ve Sigorta İşlemleri|802::Servis Aracı Görevlendirmesi|802::Servis Kapasitesinin Artırılması|807::Yıllık Bakım Onarım Programı|903::Hizmet Belgesi Talebi|934.01::Alım Miktarının Artırılması|140::Taşımalı Eğitim Kapsamına Alınma Talebi|160::Özel Eğitim Hizmetleri Hk.|160::Özel Eğitim Öğretmeni İhtiyacı|160.01::Özel Eğitim Değerlendirme Kurulu Raporu Talebi|160.01::Destek Eğitim Odası Talebi|160.01::Özel Eğitim Sınıfı Açılması Talebi|160.01::Evde Eğitim Başvurusu|160.01::Özel Eğitim Materyali Talebi|160.01.02::Destek Eğitim Odası Görevlendirmesi|160.02::Rehber Öğretmen Görevlendirmesi|198::e-Okul Kayıt Düzeltmesi|198.02::Mezuniyet Belgesi Düzenlenmesi
il_mudurlugu,250,Okul ve İşletmelerde Meslekî Eğitim/Staj Çalışmaları,250,kuruma_ozel,45,426,10.56,dusuk,045::Konu Hakkında Değerlendirme Talebi|045.02::Sözleşme Metni Hakkında Görüş|045.02::İhtilaflı Hususta Değerlendirme Talebi|602.04::Altı Aylık Değerlendirme Raporu|755::Sözleşme Feshi Hk.|773::Staj Değerlendirme Formunun Gönderilmesi|773::Stajyer Sigorta Giriş İşlemleri|805::Belge Yönetimi Eğitimi Hk.|801::Araç Görevlendirmesi|801::Taşıt Kayıt ve Sigorta İşlemleri|802::Servis Aracı Görevlendirmesi|802::Servis Sözleşmesi Hk.|807::Bakım Sözleşmesi Yenilenmesi|841::Bütçe Görüşmeleri Takvimi|135::Kurs Öğretmeni Görevlendirmesi|135.03::Halk Eğitim Kursu Açılması Talebi|135.03::Usta Öğretici Görevlendirmesi|140::Taşımalı Eğitim Kapsamına Alınma Talebi|140::Öğrenci Taşıma Güzergâhı Hk.|140::Taşıma Aracı Sözleşmesi|140::Taşınacak Öğrenci Listesi|160::Özel Eğitim Hizmetleri Hk.|160::Özel Eğitim Öğretmeni İhtiyacı|160::Değerlendirme Kurulu Toplantısı|160.01::Özel Eğitim Değerlendirme Kurulu Raporu Talebi
il_mudurlugu,235,Yabancı Uyruklu Öğrenciler (İlk ve Orta Öğretim),235,kuruma_ozel,50,426,11.74,dusuk,010::Mevzuat Bilgi Sistemi Güncellemesi|622.01::Bilgi Edinme Başvurusu|622.01::Bilgi Edinme Talebinin Reddi Hk.|641::Savunmaya Esas Bilgi ve Belge Talebi|641.04::Dava Konusu İşleme İlişkin Bilgi|755.02::Teklif Zarflarının Açılması|756::Kayıt Düzeltme Talebi|805.02.05::Arşiv Belgesi Araştırma Talebi|801::Taşıt Kayıt ve Sigorta İşlemleri|903::Özlük Dosyası Bilgi Talebi|903::Personel Bilgi Formunun Gönderilmesi|903::Hizmet Belgesi Talebi|135.03::Halk Eğitim Kursu Açılması Talebi|135.03::Kursa Kayıt Başvurusu|135.03::Kurs Bitirme Belgesi Talebi|140::Öğrenci Taşıma Güzergâhı Hk.|140::Taşınacak Öğrenci Listesi|160.01::Özel Eğitim Sınıfı Açılması Talebi|160.01::Öğrenci Yerleştirme Kararı|160.01.02::Kaynaştırma Uygulaması Bilgi Talebi|198::Öğrenci Kütük Kayıtları Hk.|198::e-Okul Kayıt Düzeltmesi|198.02::Mezuniyet Belgesi Düzenlenmesi|198.02::Öğrenim Belgesi Talebi|198.02::Belge Kayıt Numarası Sorgusu
il_mudurlugu,215.01,Yurtdışı Eğitim Denkliği,215,kuruma_ozel,51,426,11.97,dusuk,622.02::Belge Sureti Talebi|622.02::Evrak Örneğinin Gönderilmesi|622.02::Belge Talebinin Karşılanamaması Hk.|622.02::Arşivden Belge Çıkarılması Talebi|641::Savunmaya Esas Bilgi ve Belge Talebi|641.04::Savunmaya Esas Belge Talebi|752.01::Kamulaştırma İşlemine İtiraz|755::Geçici Kabul İşlemleri|755.02::İhaleye İtiraz Başvurusu|756::Kayıt Düzeltme Talebi|805::Belge Yönetimi Eğitimi Hk.|805::Elektronik Belge Yönetim Sistemi Hk.|805.02.05::Arşiv Belgesi Araştırma Talebi|801::Taşıt Kayıt ve Sigorta İşlemleri|858::İdari Para Cezasına İtiraz|903::Özlük Dosyası Bilgi Talebi|903::Hizmet Belgesi Talebi|903::Disiplin Dosyası Bilgisi|135.03::Halk Eğitim Kursu Açılması Talebi|135.03::Kursa Kayıt Başvurusu|135.03::Kurs Bitirme Belgesi Talebi|140::Taşımalı Eğitim Kapsamına Alınma Talebi|160::Özel Eğitim Hizmetleri Hk.|160::Özel Eğitim Öğretmeni İhtiyacı|160.01::Özel Eğitim Değerlendirme Kurulu Raporu Talebi
universite,807.01,Bina ve Tesisler,807,ortak,2,415,0.48,yuksek,010::Mevzuat Bilgi Sistemi Güncellemesi|805::Elektronik Belge Yönetim Sistemi Hk.
universite,104,Eğitim - Öğretim Programları,104,kuruma_ozel,2,415,0.48,yuksek,602::Program Verilerinin Gönderilmesi|602::Program Revizyon Talebi
universite,304,"Burslar, Krediler, Stajlar",304,kuruma_ozel,2,415,0.48,yuksek,602::Yıllık Çalışma Programı|773::Staj Kontenjanı Bildirimi
universite,010.06,Genelgeler,010,ortak,3,415,0.72,yuksek,602.04::Stratejik Plan Taslağı Hakkında Görüş|756.01::Tahsisin Kaldırılması Talebi|858::Cezanın Kaldırılması Talebi
universite,903.02,Atama İşleri,903,ortak,3,415,0.72,yuksek,807.01::Boya Badana İşleri Hk.|201::Dekan Atama Teklifi|201::Atama Onayı Hk.
universite,050.04,Kararlar,050,ortak,4,415,0.96,yuksek,756::Kayıt Düzeltme Talebi|807::Onarım Keşif Özeti|855::Ödeme Emri Tebliği|858::Tutanağın Tebliği Hk.
universite,841.01,Bütçe Çalışmaları,841,ortak,4,415,0.96,yuksek,602.07::Ödenek Aktarma Talebi|934::Ödenek Durumu Sorgusu|301.06::Başvuru Takviminin Duyurulması|309::Etkinlik Bütçe Desteği Talebi
universite,755.01,Etüd-Proje ve Fizibilite,755,ortak,5,415,1.2,yuksek,010::Uygulama Birliğinin Sağlanması|045::Uygulama Tereddüdü Hk.|602.07::Proje Gerçekleşme Oranı Bildirimi|602.07::Yeni Proje Teklifi|841::Bütçe Uygulama Talimatı
universite,855,Borç ve Alacak İşleri,855,ortak,6,415,1.45,orta,050.04::Kararın İlgililere Tebliği|752.01::Kamulaştırma Bedeli Ödeme Talebi|756.02::Satış Bedelinin Taksitlendirilmesi Talebi|807.01::Boya Badana İşleri Hk.|858::Tutanağın Tebliği Hk.|302.03::Ödeme Süresinin Uzatılması
universite,045.02,Hukuki,045,ortak,7,415,1.69,orta,010::Mevzuat Değişikliği Bildirimi|010::Mevzuat Hükmünün Yorumlanması|010::Mevzuat Bilgi Sistemi Güncellemesi|602.04::Altı Aylık Değerlendirme Raporu|755::Sözleşme Feshi Hk.|773::Staj Değerlendirme Formunun Gönderilmesi|301::Başvuru Değerlendirme Sonuçları
universite,622,Talep ve Şikayetler,622,ortak,7,415,1.69,orta,805::Saklama Süresi Hakkında Görüş|815::Yardım Başvurusunun Değerlendirilmesi|102.03::Denklik Başvurusunun Sonuçlandırılması|201::Görev Süresi Uzatımı|302.01::Kayıt Süresi Uzatım Talebi|302.08::İzin Başvurusunun Değerlendirilmesi|302.14::Tez Teslim Süresi Uzatım Talebi
universite,752,Kamulaştırma ve İrtifak Hakkı İşleri,752,ortak,7,415,1.69,orta,755.02::İhale Komisyonu Kararı|805.02::Ayıklama ve İmha Komisyonu Kurulması|807.01::Boya Badana İşleri Hk.|102.03::Seviye Tespit Sınavı Duyurusu|301::Kayıt Hakkı Kazananlar Listesi|301::Sınav Komisyonu Kurulması|304.03::Staj Komisyonu Değerlendirmesi
universite,756.02,Satış ve Kiralama,756,ortak,7,415,1.69,orta,752.01::Kamulaştırma Bedeli Ödeme Talebi|755::Keşif Artışı Onayı|756.01::Taşınmaz Devir İşlemi Hk.|801::İş Makinesi Kiralama Talebi|807::Bakım Sözleşmesi Yenilenmesi|855::Borcun Taksitlendirilmesi|934::Alım İhalesi Hk.
universite,302.03,Katkı Payları / Öğrenim Ücretleri,302,kuruma_ozel,7,415,1.69,orta,602::Planlama Çalışmalarına Katkı Talebi|622.02::Suret Onay Ücreti Hk.|752.01::Kamulaştırma Bedeli Ödeme Talebi|855::Ödeme Emri Tebliği|301.06::Ders Muafiyet Talebi|310::Hibe Ödemesi Hk.|310::Öğrenim Anlaşmasının Onayı
universite,045,Görüşler,045,ortak,9,415,2.17,orta,010::Uygulama Birliğinin Sağlanması|602.04::Altı Aylık Değerlendirme Raporu|773::Staj Değerlendirme Formunun Gönderilmesi|755.01::Uygulama Projesi Revizyonu|841::Bütçe Uygulama Talimatı|102::Yurtdışı Kurum Tanınırlığı Sorgusu|209::Kurum Dışı Ders Görevi Talebi|301::Başvuru Değerlendirme Sonuçları|301.06::Kurum İçi Geçiş Başvurusu
universite,050,Kurul İşleri,050,ortak,9,415,2.17,orta,051::Toplantı Tarihi Değişikliği|051::Panel Konuşmacı Daveti|051::Koordinasyon Toplantısı Daveti|602.04::Stratejik Plan Çalıştayı Daveti|752.01::Uzlaşma Görüşmesi Daveti|807.01::Boya Badana İşleri Hk.|201::Senato Üyeliği Seçimi|201::Yönetim Kurulu Üyesi Seçimi|204.01::Doçentlik Jüri Üyeliği Görevlendirmesi
universite,755.02,İhale,755,ortak,9,415,2.17,orta,752::Bedel Tespit Komisyonu Kararı|752.01::Kamulaştırma İşlemine İtiraz|805.02::Ayıklama ve İmha Komisyonu Kurulması|858::İdari Para Cezasına İtiraz|934.01::Mal Alımı İhale Onayı|102.03::Denklik Kararına İtiraz|301::Sınav Komisyonu Kurulması|301.06::Yatay Geçiş Sonucuna İtiraz|304.03::Staj Komisyonu Değerlendirmesi
universite,815,Sosyal Yardım İşleri,815,ortak,9,415,2.17,orta,622::Şikâyet Başvurusunun Değerlendirilmesi|622.01::CİMER Başvurusunun Değerlendirilmesi|805.02.05::Arşivde İnceleme Randevusu|807.01::Boya Badana İşleri Hk.|102.03::Denklik Başvurusunun Sonuçlandırılması|204.01::Doçentlik Eser İnceleme Raporu|302.01::Kayıt Belgelerinin Teslimi|302.08::İzin Başvurusunun Değerlendirilmesi|304.03::Staj Defterinin Teslimi
universite,934,Alım İşi,934,ortak,9,415,2.17,orta,756.02::Taşınmaz Satış İhalesi Hk.|602.07::Ödenek Aktarma Talebi|801::Hizmet Aracı Tahsis Talebi|841::Ödenek Aktarma Talebi|841::Ek Ödenek Talebi|841.01::Ödenek Talebi|903::Hizmet Belgesi Talebi|102::Yurtdışı Kurum Tanınırlığı Sorgusu|302::Kayıt Durumu Sorgusu
universite,756.01,"Tahsis, Devir ve Takas",756,ortak,10,415,2.41,orta,010.06::Genelgenin Yürürlükten Kaldırılması|051::Etkinlik Salonu Tahsis Talebi|755::Yapım İşi Devir Talebi|756.02::Taşınmaz Kiralama Talebi|756.02::Taşınmaz Satış İhalesi Hk.|805::Devir Teslim Tutanağı|805.02::Arşiv Devir Teslim İşlemleri|801::Hizmet Aracı Tahsis Talebi|858::Cezanın Kaldırılması Talebi|309::Salon Tahsis Talebi
universite,841,Bütçe Hazırlama ve Uygulama İşleri,841,ortak,10,415,2.41,orta,010::Uygulama Birliğinin Sağlanması|045::Uygulama Tereddüdü Hk.|602.07::Ödenek Aktarma Talebi|755.01::Uygulama Projesi Revizyonu|807.01::Boya Badana İşleri Hk.|934::Ödenek Durumu Sorgusu|106::Mazeret Sınavı Takvimi|204::Yeterlilik Sınavı Takvimi|302.01::Kesin Kayıt Başvurusu|309::Etkinlik Bütçe Desteği Talebi
universite,934.01,Mal Alım İşi,934,ortak,10,415,2.41,orta,755::Geçici Kabul İşlemleri|755.02::İhale İlanı Hk.|755.02::İhale Komisyonu Kararı|755.02::İhale Sonucunun Bildirilmesi|755.02::İhale Dokümanı Talebi|773::Staj Kabul Yazısı Talebi|805.02::Arşiv Malzemesi Bildirimi|801::Araç Muayene Randevusu|802::Servis Kapasitesinin Artırılması|310::Kabul Mektubu Talebi
universite,304.03,Stajlar,304,kuruma_ozel,10,415,2.41,orta,752::Bedel Tespit Komisyonu Kararı|755.02::İhale Komisyonu Kararı|773::Stajyer Sigorta Giriş İşlemleri|805.02::Ayıklama ve İmha Komisyonu Kurulması|801::Taşıt Kayıt ve Sigorta İşlemleri|802::Servis Sözleşmesi Hk.|807::Bakım Sözleşmesi Yenilenmesi|815::Ayni Yardım Teslimi Hk.|301::Sınav Komisyonu Kurulması|302.01::Kayıt Belgelerinin Teslimi
universite,622.01,"Bilgi Edinme, Talep ve Şikayetler",622,ortak,11,415,2.65,orta,010::Mevzuat Bilgi Sistemi Güncellemesi|641::Savunmaya Esas Bilgi ve Belge Talebi|641.04::Dava Konusu İşleme İlişkin Bilgi|805.02.05::Araştırma Talebinin Reddi Hk.|815::Yardım Başvurusunun Değerlendirilmesi|903::Özlük Dosyası Bilgi Talebi|903::Personel Bilgi Formunun Gönderilmesi|102::Denklik Dosyası Bilgi Talebi|102.03::Denklik Başvurusunun Sonuçlandırılması|302::Öğrenci Dosyası Bilgi Talebi|302.08::İzin Başvurusunun Değerlendirilmesi
universite,622.02,Belge Talepleri,622,ortak,11,415,2.65,orta,641::Savunmaya Esas Bilgi ve Belge Talebi|641.04::Savunmaya Esas Belge Talebi|805::Belge Yönetimi Eğitimi Hk.|805::Elektronik Belge Yönetim Sistemi Hk.|805.02.05::Arşivden Suret Talebi|805.02.05::Belgenin Dijital Kopyasının Gönderilmesi|102.03::Denklik Dosyası Eksik Evrak Bildirimi|302.01::Eksik Belge Bildirimi|302.03::Öğrenim Ücreti Ödemesi Hk.|302.10::Belgenin Islak İmzalı Örneği|302.10::Belge Teslim Randevusu
universite,858,İdari Yaptırım/Para Cezası İşleri,858,ortak,11,415,2.65,orta,010.06::Genelgenin Yürürlükten Kaldırılması|050.04::Kararın İlgililere Tebliği|752.01::Kamulaştırma İşlemine İtiraz|755.02::İhaleye İtiraz Başvurusu|805::Devir Teslim Tutanağı|756.01::Tahsisin Kaldırılması Talebi|807.01::Boya Badana İşleri Hk.|855::Ödeme Emri Tebliği|102.03::Denklik Kararına İtiraz|204.01::Sınav Sonuç Tutanağı|301.06::Yatay Geçiş Sonucuna İtiraz
universite,104.01,Program Açma,104,kuruma_ozel,11,415,2.65,orta,602::Program Verilerinin Gönderilmesi|602::Program Revizyon Talebi|641::Dava Dosyasının Gönderilmesi|805.02::Ayıklama ve İmha Komisyonu Kurulması|807::Onarım İşinin Tamamlanması Hk.|201::Bölüm Başkanı Görevlendirmesi|204::Yeterlilik Sınavı Takvimi|204.01::Başvuru Dosyasının Gönderilmesi|301::Kontenjan Boşluğu Bildirimi|301::Sınav Komisyonu Kurulması|301.06::Yatay Geçiş Kontenjan Talebi
universite,209,Akademik Personel Görevlendirmeleri,209,kuruma_ozel,11,415,2.65,orta,045::Kurum Görüşünün Bildirilmesi|801::Araç Görevlendirmesi|802::Servis Aracı Görevlendirmesi|903::Personel Bilgi Formunun Gönderilmesi|102::Yurtdışı Kurum Tanınırlığı Sorgusu|106::Sınav Gözetmeni Görevlendirmesi|201::Bölüm Başkanı Görevlendirmesi|204::Jüri Görevlendirmesi|204.01::Doçentlik Jüri Üyeliği Görevlendirmesi|301.06::Kurum İçi Geçiş Başvurusu|309::Topluluk Danışmanı Görevlendirmesi
universite,602.04,Stratejik Plan,602,ortak,12,415,2.89,orta,010::Yönetmelik Taslağı Hakkında Görüş|010.06::Genelge Taslağı Hakkında Görüş|045::Konu Hakkında Değerlendirme Talebi|045.02::İhtilaflı Hususta Değerlendirme Talebi|050::Kurul Toplantı Daveti|051::Panel Konuşmacı Daveti|051::Koordinasyon Toplantısı Daveti|752.01::Uzlaşma Görüşmesi Daveti|773::Staj Değerlendirme Formunun Gönderilmesi|602.07::Yatırım İzleme Raporu|301::Başvuru Değerlendirme Sonuçları|302.14::Tez İzleme Komitesi Raporu
universite,752.01,Kamulaştırma,752,ortak,13,415,3.13,dusuk,050::Kurul Toplantı Daveti|051::Panel Konuşmacı Daveti|051::Koordinasyon Toplantısı Daveti|602.04::Stratejik Plan Çalıştayı Daveti|755.02::İhaleye İtiraz Başvurusu|756.02::Kira Bedeli Artışı Hk.|756.02::İşgal Bedeli Tahakkuku|855::Ödeme Emri Tebliği|858::İdari Para Cezasına İtiraz|102.03::Denklik Kararına İtiraz|102.03::Seviye Tespit Sınavı Duyurusu|301.06::Yatay Geçiş Sonucuna İtiraz|302.03::Ödeme Süresinin Uzatılması
universite,773,Staj İşleri,773,ortak,13,415,3.13,dusuk,045::Konu Hakkında Değerlendirme Talebi|045.02::İhtilaflı Hususta Değerlendirme Talebi|602.04::Altı Aylık Değerlendirme Raporu|755::Geçici Kabul İşlemleri|801::Taşıt Kayıt ve Sigorta İşlemleri|807.01::Boya Badana İşleri Hk.|934.01::Muayene ve Kabul İşlemleri|204::Sınav Yerinin Belirlenmesi|301::Başvuru Değerlendirme Sonuçları|304::Staj Kontenjanı Talebi|304::Burs Kontenjanı Bildirimi|304.03::Staj Sigorta İşlemleri|310::Kabul Mektubu Talebi
universite,602.07,Yatırım Programı,602,ortak,13,415,3.13,dusuk,602.04::Stratejik Plan İzleme Raporu|755.01::Etüt Proje Hazırlanması Talebi|755.01::Proje Müellifi Değişikliği|755.01::Mimari Proje Görüşü|807::Yıllık Bakım Onarım Programı|841::Ödenek Aktarma Talebi|841::Ek Ödenek Talebi|841.01::Ödenek Talebi|934::Ödenek Durumu Sorgusu|106::Bütünleme Sınav Programı|302.14::Tez İzleme Komitesi Raporu|310::Değişim Programı Ders Tanıma Talebi|310::Mevlana Programı Hareketliliği Hk.
universite,802,Ulaşım ve Servis İşleri,802,ortak,13,415,3.13,dusuk,641::Vekâletname Düzenlenmesi|801::Hizmet Aracı Tahsis Talebi|801::Araç Görevlendirmesi|807::Bakım Sözleşmesi Yenilenmesi|807.01::Boya Badana İşleri Hk.|934.01::Alım Miktarının Artırılması|106::Sınav Gözetmeni Görevlendirmesi|201::Bölüm Başkanı Görevlendirmesi|204::Jüri Görevlendirmesi|204.01::Doçentlik Jüri Üyeliği Görevlendirmesi|209::Ders Görevlendirmesi Hk.|304.03::İşletmede Staj Sözleşmesi|309::Topluluk Danışmanı Görevlendirmesi
universite,807,Bakım ve Onarım İşleri,807,ortak,13,415,3.13,dusuk,050.04::Alınan Kararların Özeti|602::Yıllık Çalışma Programı|755::Keşif Artışı Onayı|756.02::Kira Sözleşmesinin Yenilenmesi|805.02::Yıllık Arşiv Faaliyet Bildirimi|602.07::Yatırım Programı Teklifi|602.07::Yatırım Programı Revizyon Talebi|802::Servis Sözleşmesi Hk.|104.01::Program Açma Dosyasının Tamamlanması|106::Bütünleme Sınav Programı|304.03::İşletmede Staj Sözleşmesi|310::Değişim Programı Ders Tanıma Talebi|310::Mevlana Programı Hareketliliği Hk.
universite,302.14,Tez İşleri,302,kuruma_ozel,13,415,3.13,dusuk,602.04::Stratejik Plan İzleme Raporu|622::Süresi İçinde Cevaplanmayan Başvuru Hk.|641.04::Dava Konusu İşleme İlişkin Bilgi|805::Saklama Süresi Hakkında Görüş|805::Devir Teslim Tutanağı|805.02::Arşiv Devir Teslim İşlemleri|602.07::Yatırım İzleme Raporu|807.01::Boya Badana İşleri Hk.|201::Görev Süresi Uzatımı|204.01::Sınav Jürisi Değişikliği|302.01::Kayıt Süresi Uzatım Talebi|302.10::Belge Teslim Randevusu|302.15::Diploma Teslim Randevusu
universite,805.02,Arşiv Yönetimi,805,ortak,14,415,3.37,dusuk,602::Yıllık Çalışma Programı|752::Bedel Tespit Komisyonu Kararı|755::Yapım İşi Devir Talebi|755.02::İhale Komisyonu Kararı|756.01::Taşınmaz Devir İşlemi Hk.|756.01::Bedelsiz Devir Talebi|807::Yıllık Bakım Onarım Programı|934.01::Kırtasiye Malzemesi Alımı|104.01::Bölüm Kurulması Teklifi|301::Sınav Komisyonu Kurulması|302.10::Belge Teslim Randevusu|302.14::Tez Teslim Süresi Uzatım Talebi|302.15::Diploma Teslim Randevusu|304.03::Staj Komisyonu Değerlendirmesi
universite,755,Yapım İşleri,755,ortak,15,415,3.61,dusuk,045.02::Sözleşme Metni Hakkında Görüş|051::Etkinlik Programının Gönderilmesi|756.02::Kira Bedeli Artışı Hk.|773::Staj Kabul Yazısı Talebi|805::Devir Teslim Tutanağı|805.02::Arşiv Devir Teslim İşlemleri|756.01::Taşınmaz Devir İşlemi Hk.|756.01::Bedelsiz Devir Talebi|807::Onarım Keşif Özeti|807.01::Boya Badana İşleri Hk.|934.01::Muayene ve Kabul İşlemleri|106::Sınav Programının Duyurulması|201::Görev Süresi Uzatımı|302.15::Geçici Mezuniyet Belgesi Talebi|310::Kabul Mektubu Talebi
universite,602,Plan ve Program İşleri,602,ortak,16,415,3.86,dusuk,051::Koordinasyon Toplantısı Daveti|805.02::Yıllık Arşiv Faaliyet Bildirimi|807::Yıllık Bakım Onarım Programı|807.01::Boya Badana İşleri Hk.|104::Program Güncelleme Hk.|104::Program Akreditasyon Başvurusu|104::Program Kapatma Teklifi|104.01::Yeni Program Açma Teklifi|104.01::Program Açma Başvurusu Hk.|104.01::Program Açma Dosyasının Tamamlanması|106::Bütünleme Sınav Programı|302.03::Katkı Payı İade Talebi|302.03::Katkı Payı Muafiyet Başvurusu|304::Kısmi Zamanlı Çalışma Duyurusu|310::Değişim Programı Ders Tanıma Talebi|310::Mevlana Programı Hareketliliği Hk.
universite,010,Mevzuat İşleri,010,ortak,17,415,4.1,dusuk,045::Uygulama Tereddüdü Hk.|045.02::Mevzuat Çelişkisi Hakkında Mütalaa|602.04::Stratejik Plan Taslağı Hakkında Görüş|622.01::Bilgi Edinme Başvurusu|622.01::Bilgi Edinme Talebinin Reddi Hk.|641::Savunmaya Esas Bilgi ve Belge Talebi|641.04::Dava Konusu İşleme İlişkin Bilgi|805::Dosya Planı Güncellemesi|805::Elektronik Belge Yönetim Sistemi Hk.|755.01::Uygulama Projesi Revizyonu|807.01::Isıtma Sistemi Bakımı|807.01::Boya Badana İşleri Hk.|841::Bütçe Uygulama Talimatı|903::Özlük Dosyası Bilgi Talebi|903::Personel Bilgi Formunun Gönderilmesi|102::Denklik Dosyası Bilgi Talebi|302::Öğrenci Dosyası Bilgi Talebi
universite,641.04,İdari Davalar,641,ortak,17,415,4.1,dusuk,010::Mevzuat Bilgi Sistemi Güncellemesi|622.01::Bilgi Edinme Başvurusu|622.01::Bilgi Edinme Talebinin Reddi Hk.|622.02::Belge Sureti Talebi|622.02::Belge Talebinin Karşılanamaması Hk.|622.02::Arşivden Belge Çıkarılması Talebi|805::Belge Yönetimi Eğitimi Hk.|805::Elektronik Belge Yönetim Sistemi Hk.|858::İdari Para Cezasına İtiraz|858::İdari Yaptırım Karar Tutanağı|903::Özlük Dosyası Bilgi Talebi|903::Personel Bilgi Formunun Gönderilmesi|102::Denklik Dosyası Bilgi Talebi|302::Öğrenci Dosyası Bilgi Talebi|302.01::Eksik Belge Bildirimi|302.10::Belge Teslim Randevusu|302.14::Tez Konusu Değişikliği Talebi
universite,051,Toplantı ve Etkinlik İşleri,051,ortak,18,415,4.34,dusuk,050::Kurul Toplantı Gündemi|050::Kurul Toplantı Daveti|050::Toplantı Tutanağının Gönderilmesi|050::Olağanüstü Toplantı Çağrısı|602::Plan Hazırlık Toplantısı|602.04::Stratejik Plan Çalıştayı Daveti|752.01::Uzlaşma Görüşmesi Daveti|755::İş Programının Gönderilmesi|756::Taşınmaz Tahsis Talebi|756.01::Okul Yeri Tahsis Talebi|756.01::Tahsis Kararının Gönderilmesi|801::Hizmet Aracı Tahsis Talebi|807.01::Boya Badana İşleri Hk.|106::Sınav Programının Duyurulması|106::Sınav Salonu Tahsisi|309::Topluluk Etkinlik İzni Talebi|309::Salon Tahsis Talebi|309::Etkinlik Bütçe Desteği Talebi
universite,641,Dava İşleri,641,ortak,18,415,4.34,dusuk,010::Mevzuat Bilgi Sistemi Güncellemesi|622.01::Bilgi Edinme Başvurusu|622.01::Bilgi Edinme Talebinin Reddi Hk.|622.02::Belge Sureti Talebi|622.02::Belge Talebinin Karşılanamaması Hk.|622.02::Arşivden Belge Çıkarılması Talebi|805::Belge Yönetimi Eğitimi Hk.|805::Elektronik Belge Yönetim Sistemi Hk.|802::Servis Saatlerinin Düzenlenmesi|807.01::Boya Badana İşleri Hk.|903::Özlük Dosyası Bilgi Talebi|903::Personel Bilgi Formunun Gönderilmesi|102::Denklik Dosyası Bilgi Talebi|104.01::Program Açma Dosyasının Tamamlanması|204.01::Başvuru Dosyasının Gönderilmesi|302::Öğrenci Dosyası Bilgi Talebi|302.01::Eksik Belge Bildirimi|302.10::Belge Teslim Randevusu
universite,204,Unvan ve Yeterlilik Sınavları,204,kuruma_ozel,18,415,4.34,dusuk,773::Staj Yerinin Değiştirilmesi|801::Araç Görevlendirmesi|802::Servis Aracı Görevlendirmesi|841::Bütçe Görüşmeleri Takvimi|102.03::Seviye Tespit Sınavı Duyurusu|104.01::Öğretim Elemanı Yeterlilik Bildirimi|106::Sınav Programının Duyurulması|106::Mazeret Sınavı Takvimi|106::Bütünleme Sınav Programı|106::Sınav Salonu Tahsisi|106::Sınav Gözetmeni Görevlendirmesi|106::Sınav Tarihi Değişikliği|106::Tek Ders Sınavı Duyurusu|201::Bölüm Başkanı Görevlendirmesi|209::Ders Görevlendirmesi Hk.|301::Özel Yetenek Sınavı Duyurusu|301::Sınav Komisyonu Kurulması|309::Topluluk Danışmanı Görevlendirmesi
universite,302,Öğrenci Özlük İşleri,302,kuruma_ozel,18,415,4.34,dusuk,010::Mevzuat Bilgi Sistemi Güncellemesi|622.01::Bilgi Edinme Başvurusu|622.01::Bilgi Edinme Talebinin Reddi Hk.|641::Savunmaya Esas Bilgi ve Belge Talebi|641.04::Dava Konusu İşleme İlişkin Bilgi|756::Kayıt Düzeltme Talebi|801::Taşıt Kayıt ve Sigorta İşlemleri|807.01::Boya Badana İşleri Hk.|903::Özlük Dosyası Bilgi Talebi|903::Personel Bilgi Formunun Gönderilmesi|903::Disiplin Dosyası Bilgisi|934::Ödenek Durumu Sorgusu|102::Yurtdışı Kurum Tanınırlığı Sorgusu|102::Denklik Dosyası Bilgi Talebi|102.03::Denklik Dosyası Eksik Evrak Bildirimi|102.03::Mezuniyet Belgesi Doğrulama Talebi|301::Kayıt Hakkı Kazananlar Listesi|309::Öğrenci Topluluğu Kurulma Talebi
universite,310,Öğrenci Değişim Programları,310,kuruma_ozel,19,415,4.58,dusuk,602::Yıllık Çalışma Programı|755::Geçici Kabul İşlemleri|773::Staj Kabul Yazısı Talebi|602.07::Yatırım Programı Teklifi|602.07::Yatırım Programı Revizyon Talebi|807::Yıllık Bakım Onarım Programı|934.01::Muayene ve Kabul İşlemleri|102::Okul Tanıma Talebi|102::Tanıma Belgesi Talebi|102::Tanıma Kararının Gönderilmesi|106::Bütünleme Sınav Programı|301::Başvuru Değerlendirme Sonuçları|302::Öğrenci Dosyası Bilgi Talebi|302::Öğrenci Bilgilerinin Güncellenmesi|302::Öğrenci Listesinin Gönderilmesi|302.03::Öğrenim Ücreti Ödemesi Hk.|302.10::Öğrenci Belgesi Talebi|302.10::Öğrenci Kimliği Yenileme|309::Öğrenci Topluluğu Kurulma Talebi
universite,756,Taşınmaz İşleri,756,ortak,20,415,4.82,dusuk,050.04::Karar Düzeltme Talebi|051::Etkinlik Salonu Tahsis Talebi|801::Hizmet Aracı Tahsis Talebi|801::Taşıt Kayıt ve Sigorta İşlemleri|807.01::Boya Badana İşleri Hk.|301::Kayıt Hakkı Kazananlar Listesi|302::Kayıt Durumu Sorgusu|302.01::Kesin Kayıt Başvurusu|302.01::Kayıt Belgelerinin Teslimi|302.01::Kayıt Süresi Uzatım Talebi|302.01::Kayıt Randevusu Hk.|302.01::Elektronik Kayıt Duyurusu|302.01::Kayıt İptali Talebi|302.08::Kayıt Dondurma ve İzin Talebi|302.08::İzin Dönüşü Kayıt Yenileme|302.11::Kayıt Dondurma Talebi|302.11::Kendi İsteğiyle Kayıt Sildirme Talebi|302.11::Kayıt Dondurma Süresinin Uzatılması|302.11::Kayıt Yenileme Başvurusu|309::Salon Tahsis Talebi
universite,301.06,Yatay Geçiş,301,kuruma_ozel,20,415,4.82,dusuk,045::Kurum Görüşünün Bildirilmesi|752.01::Kamulaştırma İşlemine İtiraz|755.02::İhaleye İtiraz Başvurusu|805.02.05::Arşiv Belgesi Araştırma Talebi|841.01::Bütçe Takviminin Duyurulması|858::İdari Para Cezasına İtiraz|903::Hizmet Belgesi Talebi|102::Tanıma Belgesi Talebi|102::Yurtdışı Kurum Tanınırlığı Sorgusu|102.03::Denklik Belgesi Talebi|102.03::Denklik Kararına İtiraz|102.03::Mezuniyet Belgesi Doğrulama Talebi|104.01::Kontenjan Talebi|209::Kurum Dışı Ders Görevi Talebi|302.03::Katkı Payı Muafiyet Başvurusu|302.08::Mazeret Belgesi Talebi|302.10::Öğrenci Belgesi Talebi|302.10::Askerlik Durum Belgesi Talebi|302.11::İlişik Kesme Belgesi Talebi|302.15::Geçici Mezuniyet Belgesi Talebi
universite,302.15,Mezuniyet İşleri,302,kuruma_ozel,20,415,4.82,dusuk,755::Geçici Kabul İşlemleri|805::Devir Teslim Tutanağı|805.02::Arşiv Devir Teslim İşlemleri|805.02.05::Arşiv Belgesi Araştırma Talebi|805.02.05::Arşivde İnceleme Randevusu|801::Araç Muayene Randevusu|807.01::Boya Badana İşleri Hk.|903::Hizmet Belgesi Talebi|102::Tanıma Belgesi Talebi|102.03::Diploma Denklik Başvurusu|102.03::Denklik Belgesi Talebi|102.03::Mezuniyet Belgesi Doğrulama Talebi|301.06::Not Ortalaması Belgesi Talebi|302.01::Kayıt Randevusu Hk.|302.08::Mazeret Belgesi Talebi|302.10::Öğrenci Belgesi Talebi|302.10::Askerlik Durum Belgesi Talebi|302.10::Belge Teslim Randevusu|302.11::İlişik Kesme Belgesi Talebi|302.14::Tez Teslim Süresi Uzatım Talebi
universite,805.02.05,Arşivlerden Yararlanma,805,ortak,21,415,5.06,dusuk,622.01::Bilgi Edinme Talebinin Reddi Hk.|622.02::Talep Edilen Belgenin Gönderilmesi|622.02::Suret Onay Ücreti Hk.|622.02::Arşivden Belge Çıkarılması Talebi|801::Araç Muayene Randevusu|815::Sosyal İnceleme Raporu Talebi|903::Hizmet Belgesi Talebi|102::Tanıma Belgesi Talebi|102.03::Denklik Belgesi Talebi|102.03::Mezuniyet Belgesi Doğrulama Talebi|204.01::Doçentlik Eser İnceleme Raporu|301.06::Not Ortalaması Belgesi Talebi|302.01::Kayıt Randevusu Hk.|302.08::Mazeret Belgesi Talebi|302.10::Öğrenci Belgesi Talebi|302.10::Askerlik Durum Belgesi Talebi|302.10::Belgenin Islak İmzalı Örneği|302.10::Belge Teslim Randevusu|302.11::İlişik Kesme Belgesi Talebi|302.15::Geçici Mezuniyet Belgesi Talebi|302.15::Diploma Teslim Randevusu
universite,903,Personel Özlük İşleri,903,ortak,22,415,5.3,dusuk,010::Mevzuat Bilgi Sistemi Güncellemesi|622.01::Bilgi Edinme Başvurusu|622.01::Bilgi Edinme Talebinin Reddi Hk.|641::Savunmaya Esas Bilgi ve Belge Talebi|641.04::Dava Konusu İşleme İlişkin Bilgi|805.02.05::Arşiv Belgesi Araştırma Talebi|801::Hizmet Aracı Tahsis Talebi|807.01::Boya Badana İşleri Hk.|934::Mal ve Hizmet Alımı Talebi|102::Tanıma Belgesi Talebi|102::Denklik Dosyası Bilgi Talebi|102.03::Denklik Belgesi Talebi|102.03::Denklik Dosyası Eksik Evrak Bildirimi|102.03::Mezuniyet Belgesi Doğrulama Talebi|301.06::Not Ortalaması Belgesi Talebi|302::Öğrenci Dosyası Bilgi Talebi|302::Özlük Bilgisi Doğrulama Talebi|302.08::Mazeret Belgesi Talebi|302.10::Öğrenci Belgesi Talebi|302.10::Askerlik Durum Belgesi Talebi|302.11::İlişik Kesme Belgesi Talebi|302.15::Geçici Mezuniyet Belgesi Talebi
universite,201,Seçim ve Atama İşleri,201,kuruma_ozel,22,415,5.3,dusuk,050::Kurul Üyeliği Bildirimi|050::Kurul Üyesi Değişikliği|622::Süresi İçinde Cevaplanmayan Başvuru Hk.|755::Yapım İşi Süre Uzatımı Talebi|805::Elektronik Belge Yönetim Sistemi Hk.|805::Saklama Süresi Hakkında Görüş|801::Araç Görevlendirmesi|802::Servis Aracı Görevlendirmesi|807.01::Boya Badana İşleri Hk.|903.02::Atama Teklifi|903.02::Naklen Atama Talebi|903.02::Atama Onayının Gönderilmesi|903.02::Atama Kararının İptali Hk.|104.01::Bölüm Kurulması Teklifi|106::Sınav Gözetmeni Görevlendirmesi|204::Jüri Görevlendirmesi|204.01::Doçentlik Jüri Üyeliği Görevlendirmesi|209::Ders Görevlendirmesi Hk.|302.01::Kayıt Süresi Uzatım Talebi|302.14::Tez Teslim Süresi Uzatım Talebi|309::Topluluk Danışmanı Görevlendirmesi|309::Topluluk Yönetim Kurulu Bildirimi
universite,302.11,"Nakil, Kayıt Dondurma ve Kayıt Silme",302,kuruma_ozel,23,415,5.54,dusuk,756::Kayıt Düzeltme Talebi|805.02.05::Arşiv Belgesi Araştırma Talebi|801::Taşıt Kayıt ve Sigorta İşlemleri|903::Hizmet Belgesi Talebi|102::Tanıma Belgesi Talebi|102.03::Denklik Belgesi Talebi|102.03::Mezuniyet Belgesi Doğrulama Talebi|301::Kayıt Hakkı Kazananlar Listesi|301.06::Not Ortalaması Belgesi Talebi|302.01::Kesin Kayıt Başvurusu|302.01::Kayıt Belgelerinin Teslimi|302.01::Kayıt Süresi Uzatım Talebi|302.01::Kayıt Randevusu Hk.|302.01::Elektronik Kayıt Duyurusu|302.01::Kayıt İptali Talebi|302.08::Kayıt Dondurma ve İzin Talebi|302.08::İzin Dönüşü Kayıt Yenileme|302.08::Mazeret Belgesi Talebi|302.10::Öğrenci Belgesi Talebi|302.10::Askerlik Durum Belgesi Talebi|302.10::Öğrenci Kimliği Yenileme|302.15::Geçici Mezuniyet Belgesi Talebi|302.15::İlişik Kesme İşlemleri Hk.
universite,204.01,Doçentlik,204,kuruma_ozel,24,415,5.78,dusuk,050::Kurul Üyeliği Bildirimi|641::Dava Dosyasının Gönderilmesi|805::Devir Teslim Tutanağı|805.02.05::Arşivde İnceleme Randevusu|801::Araç Görevlendirmesi|802::Servis Aracı Görevlendirmesi|815::Sosyal İnceleme Raporu Talebi|858::İdari Yaptırım Karar Tutanağı|102.03::Seviye Tespit Sınavı Duyurusu|104.01::Program Açma Dosyasının Tamamlanması|106::Sınav Programının Duyurulması|106::Mazeret Sınavı Takvimi|106::Bütünleme Sınav Programı|106::Sınav Salonu Tahsisi|106::Sınav Gözetmeni Görevlendirmesi|106::Sınav Tarihi Değişikliği|106::Tek Ders Sınavı Duyurusu|201::Bölüm Başkanı Görevlendirmesi|201::Senato Üyeliği Seçimi|209::Ders Görevlendirmesi Hk.|301::Özel Yetenek Sınavı Duyurusu|301::Sınav Komisyonu Kurulması|302.14::Tez Savunma Jürisi Önerisi|309::Topluluk Danışmanı Görevlendirmesi
universite,102,Tanıma ve Denklik İşleri,102,kuruma_ozel,25,415,6.02,dusuk,010::Mevzuat Bilgi Sistemi Güncellemesi|045::Kurum Görüşünün Bildirilmesi|622.01::Bilgi Edinme Başvurusu|622.01::Bilgi Edinme Talebinin Reddi Hk.|641::Savunmaya Esas Bilgi ve Belge Talebi|641.04::Dava Konusu İşleme İlişkin Bilgi|805.02.05::Arşiv Belgesi Araştırma Talebi|807.01::Boya Badana İşleri Hk.|903::Özlük Dosyası Bilgi Talebi|903::Personel Bilgi Formunun Gönderilmesi|903::Hizmet Belgesi Talebi|903::Disiplin Dosyası Bilgisi|934::Ödenek Durumu Sorgusu|209::Yurtdışı Görevlendirme Onayı|209::Kurum Dışı Ders Görevi Talebi|301.06::Kurum İçi Geçiş Başvurusu|301.06::Not Ortalaması Belgesi Talebi|302::Öğrenci Dosyası Bilgi Talebi|302::Kayıt Durumu Sorgusu|302.08::Mazeret Belgesi Talebi|302.10::Öğrenci Belgesi Talebi|302.10::Askerlik Durum Belgesi Talebi|302.11::İlişik Kesme Belgesi Talebi|302.15::Geçici Mezuniyet Belgesi Talebi|310::Değişim Programı Ders Tanıma Talebi
universite,106,Sınav Programları ve Sınavlar,106,kuruma_ozel,27,415,6.51,dusuk,051::Etkinlik Salonu Tahsis Talebi|051::Etkinlik Programının Gönderilmesi|602::Yıllık Çalışma Programı|755::İş Programının Gönderilmesi|602.07::Yatırım Programı Teklifi|602.07::Yatırım Programı Revizyon Talebi|801::Araç Görevlendirmesi|802::Servis Aracı Görevlendirmesi|807::Yıllık Bakım Onarım Programı|841::Bütçe Görüşmeleri Takvimi|102.03::Seviye Tespit Sınavı Duyurusu|201::Bölüm Başkanı Görevlendirmesi|204::Jüri Görevlendirmesi|204::Sınav Sonucunun Bildirilmesi|204::Yeterlilik Sınavı Takvimi|204::Sınav Yerinin Belirlenmesi|204.01::Doçentlik Jüri Üyeliği Görevlendirmesi|204.01::Doçentlik Sözlü Sınavı Hk.|204.01::Sınav Jürisi Değişikliği|204.01::Sınav Sonuç Tutanağı|209::Ders Görevlendirmesi Hk.|301::Özel Yetenek Sınavı Duyurusu|301::Sınav Komisyonu Kurulması|302.08::Mazeret Belgesi Talebi|309::Topluluk Danışmanı Görevlendirmesi
universite,309,"Öğrenci Toplulukları, Birlikleri vb.",309,kuruma_ozel,27,415,6.51,dusuk,051::Etkinlik Salonu Tahsis Talebi|051::Etkinlik Programının Gönderilmesi|756::Taşınmaz Tahsis Talebi|805::Elektronik Belge Yönetim Sistemi Hk.|756.01::Okul Yeri Tahsis Talebi|756.01::Tahsis Kararının Gönderilmesi|801::Hizmet Aracı Tahsis Talebi|801::Araç Görevlendirmesi|802::Servis Aracı Görevlendirmesi|841::Bütçe Teklifinin Gönderilmesi|841::Bütçe Uygulama Talimatı|841::Bütçe Görüşmeleri Takvimi|841.01::Bütçe Teklifinin Hazırlanması|841.01::Bütçe Hazırlık Çalışmaları|841.01::Bütçe Takviminin Duyurulması|841.01::Bütçe Kalemi Değişiklik Teklifi|106::Sınav Gözetmeni Görevlendirmesi|201::Bölüm Başkanı Görevlendirmesi|201::Yönetim Kurulu Üyesi Seçimi|204::Jüri Görevlendirmesi|204.01::Doçentlik Jüri Üyeliği Görevlendirmesi|209::Ders Görevlendirmesi Hk.|302::Öğrenci Dosyası Bilgi Talebi|302::Öğrenci Bilgilerinin Güncellenmesi|302::Öğrenci Listesinin Gönderilmesi
universite,302.01,Yeni Kayıt İşlemleri,302,kuruma_ozel,28,415,6.75,dusuk,622::Süresi İçinde Cevaplanmayan Başvuru Hk.|622.02::Belge Sureti Talebi|622.02::Belge Talebinin Karşılanamaması Hk.|622.02::Arşivden Belge Çıkarılması Talebi|641::Savunmaya Esas Bilgi ve Belge Talebi|641.04::Savunmaya Esas Belge Talebi|756::Kayıt Düzeltme Talebi|805::Belge Yönetimi Eğitimi Hk.|805::Elektronik Belge Yönetim Sistemi Hk.|805::Saklama Süresi Hakkında Görüş|805.02.05::Arşivde İnceleme Randevusu|801::Taşıt Kayıt ve Sigorta İşlemleri|801::Araç Muayene Randevusu|815::Ayni Yardım Teslimi Hk.|841::Kesin Hesap Cetveli|102.03::Denklik Dosyası Eksik Evrak Bildirimi|201::Görev Süresi Uzatımı|301::Kayıt Hakkı Kazananlar Listesi|302.08::Kayıt Dondurma ve İzin Talebi|302.08::İzin Dönüşü Kayıt Yenileme|302.10::Belge Teslim Randevusu|302.11::Kayıt Dondurma Talebi|302.11::Kendi İsteğiyle Kayıt Sildirme Talebi|302.11::Kayıt Dondurma Süresinin Uzatılması|302.11::Kayıt Yenileme Başvurusu
universite,805,"Bilgi, Belge ve Arşiv Yönetimi",805,ortak,29,415,6.99,dusuk,010::Mevzuat Bilgi Sistemi Güncellemesi|622::Süresi İçinde Cevaplanmayan Başvuru Hk.|622.01::Bilgi Edinme Başvurusu|622.01::Bilgi Edinme Talebinin Reddi Hk.|622.02::Belge Sureti Talebi|622.02::Belge Talebinin Karşılanamaması Hk.|622.02::Arşivden Belge Çıkarılması Talebi|641::Savunmaya Esas Bilgi ve Belge Talebi|641.04::Savunmaya Esas Belge Talebi|641.04::Dava Konusu İşleme İlişkin Bilgi|755::Yapım İşi Devir Talebi|756.01::Taşınmaz Devir İşlemi Hk.|756.01::Bedelsiz Devir Talebi|807.01::Isıtma Sistemi Bakımı|858::İdari Yaptırım Karar Tutanağı|903::Özlük Dosyası Bilgi Talebi|903::Personel Bilgi Formunun Gönderilmesi|102::Denklik Dosyası Bilgi Talebi|201::Yönetim Kurulu Üyesi Seçimi|201::Görev Süresi Uzatımı|204.01::Sınav Sonuç Tutanağı|302::Öğrenci Dosyası Bilgi Talebi|302.01::Kayıt Süresi Uzatım Talebi|302.01::Eksik Belge Bildirimi|302.01::Elektronik Kayıt Duyurusu
universite,302.08,İzin İşleri,302,kuruma_ozel,30,415,7.23,dusuk,622::Şikâyet Başvurusunun Değerlendirilmesi|622.01::CİMER Başvurusunun Değerlendirilmesi|756::Kayıt Düzeltme Talebi|805.02.05::Arşiv Belgesi Araştırma Talebi|801::Taşıt Kayıt ve Sigorta İşlemleri|807.01::Boya Badana İşleri Hk.|815::Yardım Başvurusunun Değerlendirilmesi|903::Hizmet Belgesi Talebi|102::Tanıma Belgesi Talebi|102.03::Denklik Belgesi Talebi|102.03::Denklik Başvurusunun Sonuçlandırılması|102.03::Mezuniyet Belgesi Doğrulama Talebi|106::Mazeret Sınavı Takvimi|301::Kayıt Hakkı Kazananlar Listesi|301.06::Not Ortalaması Belgesi Talebi|302.01::Kesin Kayıt Başvurusu|302.01::Kayıt Belgelerinin Teslimi|302.01::Kayıt Süresi Uzatım Talebi|302.01::Kayıt Randevusu Hk.|302.01::Elektronik Kayıt Duyurusu|302.01::Kayıt İptali Talebi|302.10::Öğrenci Belgesi Talebi|302.10::Askerlik Durum Belgesi Talebi|302.10::Öğrenci Kimliği Yenileme|302.11::Kayıt Dondurma Talebi
universite,302.10,Belge İşlemleri,302,kuruma_ozel,30,415,7.23,dusuk,622.02::Belge Sureti Talebi|622.02::Talep Edilen Belgenin Gönderilmesi|622.02::Belge Talebinin Karşılanamaması Hk.|622.02::Arşivden Belge Çıkarılması Talebi|641::Savunmaya Esas Bilgi ve Belge Talebi|641.04::Savunmaya Esas Belge Talebi|805::Belge Yönetimi Eğitimi Hk.|805::Elektronik Belge Yönetim Sistemi Hk.|805::Devir Teslim Tutanağı|805.02::Arşiv Devir Teslim İşlemleri|805.02.05::Arşiv Belgesi Araştırma Talebi|805.02.05::Belgenin Dijital Kopyasının Gönderilmesi|805.02.05::Arşivde İnceleme Randevusu|801::Araç Muayene Randevusu|903::Hizmet Belgesi Talebi|102::Tanıma Belgesi Talebi|102.03::Denklik Belgesi Talebi|102.03::Mezuniyet Belgesi Doğrulama Talebi|301.06::Not Ortalaması Belgesi Talebi|302.01::Kayıt Randevusu Hk.|302.01::Eksik Belge Bildirimi|302.08::Askerlik Sebebiyle İzin|302.08::İzin Dönüşü Kayıt Yenileme|302.08::Mazeret Belgesi Talebi|302.11::İlişik Kesme Belgesi Talebi
universite,102.03,Denklik İşleri,102,kuruma_ozel,35,415,8.43,dusuk,622::Şikâyet Başvurusunun Değerlendirilmesi|622.01::CİMER Başvurusunun Değerlendirilmesi|622.02::Evrak Örneğinin Gönderilmesi|752::Bedel Tespit Komisyonu Kararı|752.01::Kamulaştırma İşlemine İtiraz|752.01::Bedel Tespit ve Tescil Davası Hk.|755.02::İhaleye İtiraz Başvurusu|805.02.05::Arşiv Belgesi Araştırma Talebi|807.01::Boya Badana İşleri Hk.|815::Yardım Başvurusunun Değerlendirilmesi|858::İdari Para Cezasına İtiraz|903::Özlük Dosyası Bilgi Talebi|903::Hizmet Belgesi Talebi|903::Disiplin Dosyası Bilgisi|106::Mazeret Sınavı Takvimi|106::Tek Ders Sınavı Duyurusu|204::Yeterlilik Sınavı Takvimi|204.01::Doçentlik Sözlü Sınavı Hk.|301::Özel Yetenek Sınavı Duyurusu|301.06::Yatay Geçiş Sonucuna İtiraz|301.06::Not Ortalaması Belgesi Talebi|302::Öğrenci Dosyası Bilgi Talebi|302::Özlük Bilgisi Doğrulama Talebi|302.01::Eksik Belge Bildirimi|302.08::İzin Başvurusunun Değerlendirilmesi
universite,801,Taşıt ve İş Makineleri İşleri,801,ortak,37,415,8.92,dusuk,051::Etkinlik Salonu Tahsis Talebi|756::Taşınmaz Tahsis Talebi|756::Kayıt Düzeltme Talebi|756.02::Taşınmaz Kiralama Talebi|773::Stajyer Sigorta Giriş İşlemleri|805.02.05::Arşivde İnceleme Randevusu|756.01::Okul Yeri Tahsis Talebi|756.01::Tahsis Kararının Gönderilmesi|802::Servis Aracı Görevlendirmesi|807.01::Boya Badana İşleri Hk.|903::Hizmet Belgesi Talebi|934::Mal ve Hizmet Alımı Talebi|934.01::Muayene ve Kabul İşlemleri|106::Sınav Gözetmeni Görevlendirmesi|201::Bölüm Başkanı Görevlendirmesi|204::Jüri Görevlendirmesi|204.01::Doçentlik Jüri Üyeliği Görevlendirmesi|209::Ders Görevlendirmesi Hk.|301::Kayıt Hakkı Kazananlar Listesi|302::Kayıt Durumu Sorgusu|302.01::Kesin Kayıt Başvurusu|302.01::Kayıt Belgelerinin Teslimi|302.01::Kayıt Süresi Uzatım Talebi|302.01::Kayıt Randevusu Hk.|302.01::Elektronik Kayıt Duyurusu
universite,301,Seçme-Yerleştirme-Giriş Sınav İşlemleri,301,kuruma_ozel,42,415,10.12,dusuk,045::Konu Hakkında Değerlendirme Talebi|045.02::İhtilaflı Hususta Değerlendirme Talebi|602.04::Altı Aylık Değerlendirme Raporu|752::İrtifak Hakkı Tesisi Talebi|752::Bedel Tespit Komisyonu Kararı|755.02::İhale Komisyonu Kararı|756::Kayıt Düzeltme Talebi|773::Staj Değerlendirme Formunun Gönderilmesi|773::Stajyer Sigorta Giriş İşlemleri|805.02::Ayıklama ve İmha Komisyonu Kurulması|801::Taşıt Kayıt ve Sigorta İşlemleri|102.03::Seviye Tespit Sınavı Duyurusu|104.01::Kontenjan Talebi|104.01::Bölüm Kurulması Teklifi|106::Sınav Programının Duyurulması|106::Mazeret Sınavı Takvimi|106::Bütünleme Sınav Programı|106::Sınav Salonu Tahsisi|106::Sınav Gözetmeni Görevlendirmesi|106::Sınav Tarihi Değişikliği|106::Tek Ders Sınavı Duyurusu|204::Sınav Sonucunun Bildirilmesi|204::Yeterlilik Sınavı Takvimi|204::Sınav Yerinin Belirlenmesi|204.01::Doçentlik Sözlü Sınavı Hk.
